"","V1","V2"
"1","3.0.C","26.3973095632"
"2","3.1.C","19.8647905396"
"3","3.2.C","20.8548668387"
"4","3.3.C","21.8318762889"
"5","3.4.C","16.1257150761"
"6","3.5.C","20.447556643"
"7","3.6.C","19.2085697042"
"8","3.7.C","22.3009143215"
"9","3.8.C","9.0354982894"
"10","3.9.C","12.0727356442"
"11","3.10.C","20.2340727061"
"12","3.11.C","12.623388499"
"13","3.12.C","23.6377052208"
"14","3.13.C","22.1333472146"
"15","3.14.C","21.5745887908"
"16","3.15.C","24.0039778128"
"17","3.16.C","18.2399542651"
"18","3.17.C","16.9630268212"
"19","3.18.C","20.2352279688"
"20","3.19.C","21.5869714266"
"21","3.20.C","16.4692683316"
"22","3.21.C","24.5703839589"
"23","3.22.C","15.6638414341"
"24","3.23.C","21.9429675372"
"25","3.24.C","23.1269573249"
"26","3.25.C","19.0903922417"
"27","3.26.C","11.7875431007"
"28","3.27.C","19.9995547339"
"29","3.28.C","21.1112997976"
"30","3.29.C","13.2739119897"
"31","3.30.C","23.3806767328"
"32","3.31.C","11.4595229964"
"33","3.32.C","23.0507414314"
"34","3.33.C","15.7817204805"
"35","3.34.C","11.4728884668"
"36","3.35.C","16.094524685"
"37","3.36.C","14.0481125829"
"38","3.37.C","20.0044423467"
"39","3.38.C","14.8604488915"
"40","3.39.C","10.6493464329"
"41","3.40.C","19.9947396045"
"42","3.41.C","10.1977613854"
"43","3.42.C","14.2098176767"
"44","3.43.C","23.4987784661"
"45","3.44.C","20.9408189945"
"46","3.45.C","20.4670735877"
"47","3.46.C","22.482764356"
"48","3.47.C","11.2365891812"
"49","3.48.C","14.6137753744"
"50","3.49.C","19.2779919571"
"51","3.50.C","21.6797265822"
"52","3.51.C","22.3174498892"
"53","3.52.C","19.8371723035"
"54","3.53.C","16.6490593821"
"55","3.54.C","16.7786945003"
"56","3.55.C","13.4494947675"
"57","3.56.C","19.5287798207"
"58","3.57.C","17.4317581295"
"59","3.58.C","21.8508062513"
"60","3.59.C","20.2139550579"
"61","3.60.C","12.905270622"
"62","3.61.C","11.9961466437"
"63","3.62.C","15.7732779326"
"64","3.63.C","13.5944187845"
"65","3.64.C","14.3978340603"
"66","3.65.C","20.6017607945"
"67","3.66.C","14.9903392965"
"68","3.67.C","18.5766827505"
"69","3.68.C","6.6499427037"
"70","3.69.C","18.4057241158"
"71","3.70.C","13.3325567268"
"72","3.71.C","16.5657259426"
"73","3.72.C","22.0262398143"
"74","3.73.C","21.2103503919"
"75","3.74.C","12.0573989104"
"76","3.75.C","12.3642297617"
"77","3.76.C","23.1951611969"
"78","3.77.C","21.5316240679"
"79","3.78.C","17.1971171288"
"80","3.79.C","13.5344023353"
"81","3.80.C","11.4690536724"
"82","3.81.C","21.9419297319"
"83","3.82.C","14.2182211981"
"84","3.83.C","20.1352835355"
"85","3.84.C","21.7628523143"
"86","3.85.C","9.5821977138"
"87","3.86.C","18.9657238991"
"88","3.87.C","19.0307869509"
"89","3.88.C","16.0027155233"
"90","3.89.C","17.1767406312"
"91","3.90.C","16.6534780861"
"92","3.91.C","19.7571492977"
"93","3.92.C","20.8163650762"
"94","3.93.C","16.8409392429"
"95","3.94.C","9.8597582348"
"96","3.95.C","18.9886708998"
"97","3.96.C","15.4367202919"
"98","3.97.C","19.5194622533"
"99","3.98.C","21.8300329945"
"100","3.99.C","17.1301863013"
"101","3.100.C","19.7619924268"
"102","3.101.C","22.6651093887"
"103","3.102.C","21.9445927776"
"104","3.103.C","21.0646380217"
"105","3.104.C","16.5409661291"
"106","3.105.C","20.4048705659"
"107","3.106.C","16.9217202909"
"108","3.107.C","13.2033370538"
"109","3.108.C","18.3167129182"
"110","3.109.C","18.9493033771"
"111","3.110.C","20.0184377975"
"112","3.111.C","21.2114664324"
"113","3.112.C","17.7626813661"
"114","3.113.C","21.4426588173"
"115","3.114.C","18.6415358787"
"116","3.115.C","21.4715112542"
"117","3.116.C","18.7411009861"
"118","3.117.C","13.7157064391"
"119","3.118.C","20.4353336719"
"120","3.119.C","9.8664492099"
"121","3.120.C","18.2370743588"
"122","3.121.C","8.1917447998"
"123","3.122.C","10.7251520125"
"124","3.123.C","19.6819840668"
"125","3.124.C","15.1354751338"
"126","3.125.C","17.6973378813"
"127","3.126.C","13.4890184714"
"128","3.127.C","9.7822744068"
"129","3.128.C","12.7955579181"
"130","3.129.C","20.9774131544"
"131","3.130.C","12.8121204719"
"132","3.131.C","19.1423238957"
"133","3.132.C","16.4916951625"
"134","3.133.C","10.0679050373"
"135","3.134.C","20.2934109443"
"136","3.135.C","20.3725323918"
"137","3.136.C","13.5715694009"
"138","3.137.C","16.0051173791"
"139","3.138.C","15.4140568788"
"140","3.139.C","20.2610354397"
"141","3.140.C","22.4057310633"
"142","3.141.C","12.6132610848"
"143","3.142.C","12.485094896"
"144","3.143.C","16.8069693086"
"145","3.144.C","19.9169525703"
"146","3.145.C","14.1494637286"
"147","3.146.C","12.7614932512"
"148","3.147.C","19.6770079754"
"149","3.148.C","19.2452316817"
"150","3.149.C","16.3334995913"
"151","3.150.C","18.5709038688"
"152","3.151.C","9.9751908387"
"153","3.152.C","19.6369325221"
"154","3.153.C","21.1002347227"
"155","3.154.C","14.6962460887"
"156","3.155.C","9.8284556976"
"157","3.156.C","20.6440458216"
"158","3.157.C","18.1133416837"
"159","3.158.C","20.1428200216"
"160","3.159.C","16.0058774528"
"161","3.160.C","18.0697341211"
"162","3.161.C","17.0848909514"
"163","3.162.C","15.2139081602"
"164","3.163.C","13.6132660271"
"165","3.164.C","19.0744255541"
"166","3.165.C","6.3455263335"
"167","3.166.C","15.2960738333"
"168","3.167.C","18.4221139946"
"169","3.168.C","18.3330183163"
"170","3.169.C","17.7888617423"
"171","3.170.C","14.9389149849"
"172","3.171.C","19.0823421454"
"173","3.172.C","17.3551821407"
"174","3.173.C","19.6177936429"
"175","3.174.C","12.0652244107"
"176","3.175.C","15.6338635471"
"177","3.176.C","16.3608093297"
"178","3.177.C","21.6801674515"
"179","3.178.C","15.8361130133"
"180","3.179.C","18.5280100436"
"181","3.180.C","20.4333929581"
"182","3.181.C","18.781270932"
"183","3.182.C","14.243960363"
"184","3.183.C","19.0173050084"
"185","3.184.C","15.2099785061"
"186","3.185.C","18.8258308674"
"187","3.186.C","11.2442058207"
"188","3.187.C","9.8337175064"
"189","3.188.C","13.4054291371"
"190","3.189.C","18.0859751098"
"191","3.190.C","13.6691063568"
"192","3.191.C","14.4758617534"
"193","3.192.C","19.4559923135"
"194","3.193.C","20.3892330734"
"195","3.194.C","15.7892473161"
"196","3.195.C","14.1016524302"
"197","3.196.C","21.775457085"
"198","3.197.C","16.1029133873"
"199","3.198.C","16.7743840615"
"200","3.199.C","11.9442162867"
"201","3.200.C","16.6348753365"
"202","3.201.C","15.8226926639"
"203","3.202.C","16.925848122"
"204","3.203.C","16.1396105895"
"205","3.204.C","21.4085594201"
"206","3.205.C","17.2939390565"
"207","3.206.C","15.0029386767"
"208","3.207.C","20.5598285117"
"209","3.208.C","18.8458172388"
"210","3.209.C","15.7741927199"
"211","3.210.C","17.9511330249"
"212","3.211.C","20.9187481488"
"213","3.212.C","12.7013734534"
"214","3.213.C","13.4429776885"
"215","3.214.C","22.4090846672"
"216","3.215.C","14.140953829"
"217","3.216.C","16.5475758105"
"218","3.217.C","20.1855807496"
"219","3.218.C","8.9441845396"
"220","3.219.C","9.8756746691"
"221","3.220.C","18.7477474644"
"222","3.221.C","15.463135896"
"223","3.222.C","15.4715949387"
"224","3.223.C","14.8434125493"
"225","3.224.C","16.3740132391"
"226","3.225.C","17.0233957383"
"227","3.226.C","21.9131949398"
"228","3.227.C","19.2075167254"
"229","3.228.C","9.079409878"
"230","3.229.C","13.7865175544"
"231","3.230.C","14.0687118335"
"232","3.231.C","16.1970252253"
"233","3.232.C","18.1375075401"
"234","3.233.C","20.4022885568"
"235","3.234.C","19.1184877419"
"236","3.235.C","11.4982652593"
"237","3.236.C","21.0746821722"
"238","3.237.C","9.2421884773"
"239","3.238.C","21.0219229514"
"240","3.239.C","20.270253218"
"241","3.240.C","14.5921900153"
"242","3.241.C","22.9576999597"
"243","3.242.C","15.7644536153"
"244","3.243.C","11.467472451"
"245","3.244.C","12.7165574309"
"246","3.245.C","20.0934820583"
"247","3.246.C","14.9313669126"
"248","3.247.C","18.533999354"
"249","3.248.C","18.0968252049"
"250","3.249.C","9.9178407904"
"251","3.250.C","20.6695080335"
"252","3.251.C","16.5354233275"
"253","3.252.C","15.0612513724"
"254","3.253.C","14.9187824529"
"255","3.254.C","17.6093510999"
"256","3.255.C","16.7130396335"
"257","3.256.C","12.0855032396"
"258","3.257.C","17.4973826029"
"259","3.258.C","15.662924846"
"260","3.259.C","13.6124404588"
"261","3.260.C","20.2284868041"
"262","3.261.C","17.8502999905"
"263","3.262.C","12.8170735619"
"264","3.263.C","14.9264315831"
"265","3.264.C","19.6033234576"
"266","3.265.C","15.0909572059"
"267","3.266.C","10.1726963763"
"268","3.267.C","14.6366934213"
"269","3.268.C","17.5413595156"
"270","3.269.C","6.983480235"
"271","3.270.C","13.44348347"
"272","3.271.C","15.3594956485"
"273","3.272.C","21.1281756506"
"274","3.273.C","16.2805049642"
"275","3.274.C","16.5690792127"
"276","3.275.C","15.729039593"
"277","3.276.C","19.1010408245"
"278","3.277.C","21.2290538143"
"279","3.278.C","20.7022018855"
"280","3.279.C","19.5636856752"
"281","3.280.C","17.4113172908"
"282","3.281.C","21.1971537632"
"283","3.282.C","16.5667417339"
"284","3.283.C","15.424547626"
"285","3.284.C","10.872567903"
"286","3.285.C","19.0172494895"
"287","3.286.C","14.6880453881"
"288","3.287.C","17.0644047965"
"289","3.288.C","19.4383582615"
"290","3.289.C","16.4670076572"
"291","3.290.C","20.6515507214"
"292","3.291.C","17.3897906307"
"293","3.292.C","15.7841900832"
"294","3.293.C","11.6271048601"
"295","3.294.C","13.57957686"
"296","3.295.C","20.8521818599"
"297","3.296.C","20.399533152"
"298","3.297.C","19.1775815375"
"299","3.298.C","20.1244119311"
"300","3.299.C","16.2834260722"
"301","3.300.C","14.4780782298"
"302","3.301.C","12.4630872069"
"303","3.302.C","12.2278079916"
"304","3.303.C","12.5767908203"
"305","3.304.C","20.045997758"
"306","3.305.C","18.068520247"
"307","3.306.C","14.0561879401"
"308","3.307.C","11.8423851069"
"309","3.308.C","18.5068824774"
"310","3.309.C","9.0549865646"
"311","3.310.C","12.7749719066"
"312","3.311.C","15.0422006162"
"313","3.312.C","9.026096075"
"314","3.313.C","17.223944918"
"315","3.314.C","12.331389445"
"316","3.315.C","15.1467029065"
"317","3.316.C","15.8147048174"
"318","3.317.C","12.5835437362"
"319","3.318.C","18.8617720357"
"320","3.319.C","20.6743123524"
"321","3.320.C","18.3065970613"
"322","3.321.C","13.3262689959"
"323","3.322.C","10.9783204582"
"324","3.323.C","10.3448830387"
"325","3.324.C","19.1562850316"
"326","3.325.C","19.2508416839"
"327","3.326.C","15.0628678696"
"328","3.327.C","13.1659428248"
"329","3.328.C","13.8332365322"
"330","3.329.C","10.791964972"
"331","3.330.C","19.3969090573"
"332","3.331.C","16.9880785149"
"333","3.332.C","16.7242385435"
"334","3.333.C","15.0901391863"
"335","3.334.C","9.8442046917"
"336","3.335.C","14.1901599202"
"337","3.336.C","19.0442610122"
"338","3.337.C","17.6450122971"
"339","3.338.C","21.1717683482"
"340","3.339.C","13.1077633117"
"341","3.340.C","18.7431562884"
"342","3.341.C","13.5518020945"
"343","3.342.C","13.3024322119"
"344","3.343.C","17.6923522113"
"345","3.344.C","11.8101320038"
"346","3.345.C","16.6581110522"
"347","3.346.C","12.196825224"
"348","3.347.C","13.9176801899"
"349","3.348.C","16.8968907635"
"350","3.349.C","20.0829386229"
"351","3.350.C","18.4317619063"
"352","3.351.C","18.0600395646"
"353","3.352.C","16.7890998601"
"354","3.353.C","18.6853228345"
"355","3.354.C","6.7390548394"
"356","3.355.C","16.1993082821"
"357","3.356.C","9.6416376297"
"358","3.357.C","14.2662576358"
"359","3.358.C","15.6546053943"
"360","3.359.C","10.9742885759"
"361","3.360.C","19.1304978527"
"362","3.361.C","13.8614234101"
"363","3.362.C","20.4397372188"
"364","3.363.C","10.0025516894"
"365","3.364.C","16.4461740875"
"366","3.365.C","18.0935869406"
"367","3.366.C","16.623971348"
"368","3.367.C","17.7268195644"
"369","3.368.C","13.6440560619"
"370","3.369.C","19.0001786379"
"371","3.370.C","9.6194593795"
"372","3.371.C","14.4168957576"
"373","3.372.C","16.3561695012"
"374","3.373.C","16.2526981838"
"375","3.374.C","16.1913991193"
"376","3.375.C","13.987495613"
"377","3.376.C","15.4356875475"
"378","3.377.C","11.2362291627"
"379","3.378.C","18.8326972019"
"380","3.379.C","17.4098416092"
"381","3.380.C","9.9847603386"
"382","3.381.C","15.8664802554"
"383","3.382.C","16.407449507"
"384","3.383.C","21.1271075057"
"385","3.384.C","9.7609589605"
"386","3.385.C","19.028192444"
"387","3.386.C","10.9378024274"
"388","3.387.C","15.0424166492"
"389","3.388.C","8.1010984661"
"390","3.389.C","15.8263100824"
"391","3.390.C","13.4925097476"
"392","3.391.C","15.6477678313"
"393","3.392.C","15.7164311771"
"394","3.393.C","14.3934011408"
"395","3.394.C","10.028628215"
"396","3.395.C","19.0243651883"
"397","3.396.C","19.6560648537"
"398","3.397.C","19.7469912799"
"399","3.398.C","14.4271140696"
"400","3.399.C","13.3148106641"
"401","3.400.C","13.8252803431"
"402","3.401.C","9.9222718724"
"403","3.402.C","19.0879654707"
"404","3.403.C","12.6001174372"
"405","3.404.C","15.14303294"
"406","3.405.C","15.5230295887"
"407","3.406.C","9.8711100439"
"408","3.407.C","17.3983836202"
"409","3.408.C","18.5040529561"
"410","3.409.C","15.1401939921"
"411","3.410.C","14.8949707105"
"412","3.411.C","14.1219213011"
"413","3.412.C","13.6491071555"
"414","3.413.C","14.6809317935"
"415","3.414.C","17.1145007583"
"416","3.415.C","9.6346042566"
"417","3.416.C","16.2004268258"
"418","3.417.C","9.8305626466"
"419","3.418.C","13.4166107846"
"420","3.419.C","15.4874809994"
"421","3.420.C","9.815057943"
"422","3.421.C","16.8724410551"
"423","3.422.C","15.3765484576"
"424","3.423.C","21.7525751432"
"425","3.424.C","7.4799586368"
"426","3.425.C","13.9701751372"
"427","3.426.C","14.6193505025"
"428","3.427.C","12.9514313617"
"429","3.428.C","9.6274811743"
"430","3.429.C","9.7657390252"
"431","3.430.C","18.0735155976"
"432","3.431.C","12.181288872"
"433","3.432.C","8.5233980822"
"434","3.433.C","15.3179228216"
"435","3.434.C","16.3096693965"
"436","3.435.C","14.4605464646"
"437","3.436.C","18.0482583649"
"438","3.437.C","14.5270263933"
"439","3.438.C","16.8132628107"
"440","3.439.C","14.6840652756"
"441","3.440.C","9.9284194026"
"442","3.441.C","16.7498959031"
"443","3.442.C","13.2554204248"
"444","3.443.C","16.9773572454"
"445","3.444.C","18.2360365512"
"446","3.445.C","17.3455306507"
"447","3.446.C","12.5357921971"
"448","3.447.C","10.945854451"
"449","3.448.C","11.1722064273"
"450","3.449.C","17.495025916"
"451","3.450.C","11.9816141013"
"452","3.451.C","15.4722081152"
"453","3.452.C","17.0560856202"
"454","3.453.C","15.9376621564"
"455","3.454.C","10.9533318569"
"456","3.455.C","12.0867691369"
"457","3.456.C","13.1874453256"
"458","3.457.C","14.4987905418"
"459","3.458.C","14.8592393842"
"460","3.459.C","17.6401820136"
"461","3.460.C","18.3721726927"
"462","3.461.C","13.7189399499"
"463","3.462.C","13.1922127291"
"464","3.463.C","13.2322339825"
"465","3.464.C","16.1910207384"
"466","3.465.C","10.9774710557"
"467","3.466.C","10.5509175564"
"468","3.467.C","13.0455840648"
"469","3.468.C","14.8526336356"
"470","3.469.C","16.1817397316"
"471","3.470.C","18.9209681561"
"472","3.471.C","14.745398699"
"473","3.472.C","9.9370337495"
"474","3.473.C","10.746884934"
"475","3.474.C","9.8783101474"
"476","3.475.C","14.8928468327"
"477","3.476.C","16.5631337384"
"478","3.477.C","15.2972859256"
"479","3.478.C","11.2529479873"
"480","3.479.C","15.5065810278"
"481","3.480.C","9.8128062725"
"482","3.481.C","13.8882896746"
"483","3.482.C","19.8243923793"
"484","3.483.C","9.8845455679"
"485","3.484.C","14.9585217541"
"486","3.485.C","16.1685279209"
"487","3.486.C","9.8950727184"
"488","3.487.C","11.1200231103"
"489","3.488.C","8.8131077979"
"490","3.489.C","16.9796572856"
"491","3.490.C","15.7840084088"
"492","3.491.C","6.6819531187"
"493","3.492.C","16.8921720937"
"494","3.493.C","14.1353731477"
"495","3.494.C","10.451604435"
"496","3.495.C","15.2158560437"
"497","3.496.C","14.5966175606"
"498","3.497.C","14.0236352519"
"499","3.498.C","9.4199835766"
"500","3.499.C","17.0500916719"
"501","3.500.C","15.315757952"
"502","3.501.C","9.68383992"
"503","3.502.C","11.9991525174"
"504","3.503.C","15.1800213513"
"505","3.504.C","13.158756565"
"506","3.505.C","15.0037880983"
"507","3.506.C","18.2513820378"
"508","3.507.C","14.0745121981"
"509","3.508.C","16.6828073464"
"510","3.509.C","18.4454100668"
"511","3.510.C","18.3536216938"
"512","3.511.C","13.2825842252"
"513","3.512.C","14.5968470132"
"514","3.513.C","15.8156205164"
"515","3.514.C","9.4928500835"
"516","3.515.C","19.8094364636"
"517","3.516.C","14.8660134574"
"518","3.517.C","14.0879807852"
"519","3.518.C","13.0406994312"
"520","3.519.C","17.6214747216"
"521","3.520.C","13.8372117663"
"522","3.521.C","10.634638916"
"523","3.522.C","15.4397286989"
"524","3.523.C","14.3883821193"
"525","3.524.C","16.5224277683"
"526","3.525.C","14.4257851664"
"527","3.526.C","13.3832876467"
"528","3.527.C","13.1584606789"
"529","3.528.C","14.8716275515"
"530","3.529.C","11.158213534"
"531","3.530.C","17.0850876637"
"532","3.531.C","13.4174922644"
"533","3.532.C","13.8749062917"
"534","3.533.C","16.3337736419"
"535","3.534.C","11.9679377813"
"536","3.535.C","16.2077503231"
"537","3.536.C","15.020844143"
"538","3.537.C","18.087378909"
"539","3.538.C","16.03528902"
"540","3.539.C","15.4645350291"
"541","3.540.C","9.9450625781"
"542","3.541.C","19.4328443539"
"543","3.542.C","10.0462208669"
"544","3.543.C","9.3507920283"
"545","3.544.C","17.7102212726"
"546","3.545.C","12.5740191238"
"547","3.546.C","18.4739701697"
"548","3.547.C","9.6731057043"
"549","3.548.C","15.7924972311"
"550","3.549.C","12.9224064276"
"551","3.550.C","9.9818085215"
"552","3.551.C","9.3062152467"
"553","3.552.C","17.965134118"
"554","3.553.C","13.6661260391"
"555","3.554.C","9.856357533"
"556","3.555.C","11.0827353389"
"557","3.556.C","14.4852569443"
"558","3.557.C","12.3995001987"
"559","3.558.C","15.1572050585"
"560","3.559.C","12.4106392734"
"561","3.560.C","11.6805263741"
"562","3.561.C","6.2789195165"
"563","3.562.C","10.2543894263"
"564","3.563.C","15.9499764514"
"565","3.564.C","17.3295025587"
"566","3.565.C","12.744174933"
"567","3.566.C","17.9589583455"
"568","3.567.C","15.8484299898"
"569","3.568.C","5.239230557"
"570","3.569.C","12.6623942092"
"571","3.570.C","15.2602908118"
"572","3.571.C","17.7366721937"
"573","3.572.C","9.7855656831"
"574","3.573.C","15.9902847616"
"575","3.574.C","16.3165417294"
"576","3.575.C","15.0972715713"
"577","3.576.C","13.3945439366"
"578","3.577.C","15.5697361655"
"579","3.578.C","15.4702584878"
"580","3.579.C","16.1847639588"
"581","3.580.C","7.8641711052"
"582","3.581.C","16.7791106144"
"583","3.582.C","15.5280109572"
"584","3.583.C","16.1957783782"
"585","3.584.C","13.662619595"
"586","3.585.C","12.9383834175"
"587","3.586.C","18.8979429868"
"588","3.587.C","16.4252574378"
"589","3.588.C","14.7605048806"
"590","3.589.C","13.8764716139"
"591","3.590.C","16.1503802718"
"592","3.591.C","16.2061967019"
"593","3.592.C","9.1331990411"
"594","3.593.C","18.4960765953"
"595","3.594.C","12.555125581"
"596","3.595.C","19.9427636011"
"597","3.596.C","14.84625272"
"598","3.597.C","14.2902394144"
"599","3.598.C","14.5145399054"
"600","3.599.C","13.5298364397"
"601","3.600.C","14.1630370924"
"602","3.601.C","16.5013053557"
"603","3.602.C","11.689509089"
"604","3.603.C","13.7849787209"
"605","3.604.C","12.7502458294"
"606","3.605.C","16.2771755985"
"607","3.606.C","14.6570285241"
"608","3.607.C","7.078904526"
"609","3.608.C","14.2803107425"
"610","3.609.C","16.6364791049"
"611","3.610.C","7.7075792255"
"612","3.611.C","6.1110082721"
"613","3.612.C","17.7740191169"
"614","3.613.C","12.375905012"
"615","3.614.C","14.66195997"
"616","3.615.C","9.8488227258"
"617","3.616.C","6.3260761205"
"618","3.617.C","15.3734793575"
"619","3.618.C","19.2393363296"
"620","3.619.C","11.6673475521"
"621","3.620.C","13.9074831345"
"622","3.621.C","6.3736663436"
"623","3.622.C","13.244571687"
"624","3.623.C","15.9626832649"
"625","3.624.C","19.8268192841"
"626","3.625.C","18.2108383859"
"627","3.626.C","16.7633180831"
"628","3.627.C","14.472340106"
"629","3.628.C","15.6955201672"
"630","3.629.C","13.3290157914"
"631","3.630.C","13.8500603209"
"632","3.631.C","17.4322365168"
"633","3.632.C","12.8223623275"
"634","3.633.C","9.4351340596"
"635","3.634.C","14.1296040614"
"636","3.635.C","16.9379056908"
"637","3.636.C","15.2198092905"
"638","3.637.C","12.25243261"
"639","3.638.C","9.5920828096"
"640","3.639.C","13.8819464414"
"641","3.640.C","13.3967991907"
"642","3.641.C","10.8895883206"
"643","3.642.C","18.0890986661"
"644","3.643.C","10.8498192708"
"645","3.644.C","13.0581983379"
"646","3.645.C","9.9131954959"
"647","3.646.C","17.5400576919"
"648","3.647.C","14.9900708817"
"649","3.648.C","15.1128490694"
"650","3.649.C","13.7070773808"
"651","3.650.C","10.3658814837"
"652","3.651.C","16.6910531775"
"653","3.652.C","14.394684366"
"654","3.653.C","13.3332704506"
"655","3.654.C","15.4883592274"
"656","3.655.C","10.4763104821"
"657","3.656.C","17.7907025939"
"658","3.657.C","15.1455617277"
"659","3.658.C","12.3472022596"
"660","3.659.C","14.5964233091"
"661","3.660.C","9.9369608205"
"662","3.661.C","13.9131344617"
"663","3.662.C","10.3644668121"
"664","3.663.C","11.7610413799"
"665","3.664.C","17.2633208908"
"666","3.665.C","9.6884723688"
"667","3.666.C","12.1362584432"
"668","3.667.C","16.5020541257"
"669","3.668.C","13.4219554675"
"670","3.669.C","8.4018001404"
"671","3.670.C","16.4754585386"
"672","3.671.C","17.1443045953"
"673","3.672.C","17.7624485104"
"674","3.673.C","13.1109071375"
"675","3.674.C","12.3714335691"
"676","3.675.C","14.2761104502"
"677","3.676.C","10.7396755128"
"678","3.677.C","17.253947426"
"679","3.678.C","14.1238108191"
"680","3.679.C","6.8687039638"
"681","3.680.C","17.6288910113"
"682","3.681.C","13.0348150653"
"683","3.682.C","9.5606133505"
"684","3.683.C","13.0136114233"
"685","3.684.C","13.2153221924"
"686","3.685.C","12.4714872362"
"687","3.686.C","11.2627539806"
"688","3.687.C","9.3945774654"
"689","3.688.C","10.4655125215"
"690","3.689.C","9.6160795367"
"691","3.690.C","9.664047585"
"692","3.691.C","15.5098137088"
"693","3.692.C","14.1031066971"
"694","3.693.C","15.6112107681"
"695","3.694.C","7.3277276393"
"696","3.695.C","17.085841014"
"697","3.696.C","14.0155711537"
"698","3.697.C","16.7426397024"
"699","3.698.C","14.0960151759"
"700","3.699.C","9.7686419598"
"701","3.700.C","11.772883796"
"702","3.701.C","6.8156889704"
"703","3.702.C","17.8492597701"
"704","3.703.C","9.876975168"
"705","3.704.C","9.2757335472"
"706","3.705.C","14.3281169958"
"707","3.706.C","9.8344071808"
"708","3.707.C","10.4889814318"
"709","3.708.C","14.8297089801"
"710","3.709.C","9.469029096"
"711","3.710.C","13.7814533475"
"712","3.711.C","9.0711878371"
"713","3.712.C","12.2230854142"
"714","3.713.C","16.5106873393"
"715","3.714.C","15.4621447986"
"716","3.715.C","15.8334648488"
"717","3.716.C","9.3756283058"
"718","3.717.C","12.3825800108"
"719","3.718.C","7.5803600879"
"720","3.719.C","12.9890277959"
"721","3.720.C","12.8116615171"
"722","3.721.C","13.9499159204"
"723","3.722.C","15.4767448023"
"724","3.723.C","12.8833242134"
"725","3.724.C","12.7572668241"
"726","3.725.C","15.008833724"
"727","3.726.C","6.3045808609"
"728","3.727.C","9.6211831032"
"729","3.728.C","14.1938875741"
"730","3.729.C","15.4729717485"
"731","3.730.C","11.6908386515"
"732","3.731.C","15.3081817245"
"733","3.732.C","16.049382483"
"734","3.733.C","14.1708237354"
"735","3.734.C","11.3683974529"
"736","3.735.C","12.6401120502"
"737","3.736.C","13.4356684583"
"738","3.737.C","13.0169441225"
"739","3.738.C","15.7290608136"
"740","3.739.C","8.0596555595"
"741","3.740.C","16.7919736798"
"742","3.741.C","15.8076576294"
"743","3.742.C","15.21038755"
"744","3.743.C","14.6317217442"
"745","3.744.C","9.7920184319"
"746","3.745.C","13.9631560621"
"747","3.746.C","14.9376830788"
"748","3.747.C","14.9908048062"
"749","3.748.C","11.6602870328"
"750","3.749.C","18.0288823349"
"751","3.750.C","9.802732428"
"752","3.751.C","15.0736170843"
"753","3.752.C","13.6572886204"
"754","3.753.C","13.8802230528"
"755","3.754.C","9.8473658864"
"756","3.755.C","10.0050969737"
"757","3.756.C","15.5053303047"
"758","3.757.C","11.4394162944"
"759","3.758.C","12.2448799182"
"760","3.759.C","17.1349383684"
"761","3.760.C","12.1373142817"
"762","3.761.C","9.9220763262"
"763","3.762.C","9.5197406015"
"764","3.763.C","14.1067474948"
"765","3.764.C","7.5007221621"
"766","3.765.C","15.2847674083"
"767","3.766.C","12.003999701"
"768","3.767.C","17.2166411041"
"769","3.768.C","17.4646601144"
"770","3.769.C","16.5106943203"
"771","3.770.C","14.88757236"
"772","3.771.C","12.4356488083"
"773","3.772.C","18.4995638228"
"774","3.773.C","14.0838359307"
"775","3.774.C","10.1691422558"
"776","3.775.C","9.5281258592"
"777","3.776.C","13.9204341136"
"778","3.777.C","12.8583441696"
"779","3.778.C","10.8415177748"
"780","3.779.C","14.0132484447"
"781","3.780.C","16.1011421443"
"782","3.781.C","15.3765054099"
"783","3.782.C","14.8965433413"
"784","3.783.C","11.6765678775"
"785","3.784.C","10.0753935748"
"786","3.785.C","14.9043944452"
"787","3.786.C","12.6280349316"
"788","3.787.C","14.4152253969"
"789","3.788.C","14.103302192"
"790","3.789.C","12.9137016654"
"791","3.790.C","15.5056160797"
"792","3.791.C","11.0647336104"
"793","3.792.C","9.8567156465"
"794","3.793.C","12.4094758438"
"795","3.794.C","9.9084600148"
"796","3.795.C","5.2733311521"
"797","3.796.C","9.9862111675"
"798","3.797.C","10.2716536158"
"799","3.798.C","14.8969761343"
"800","3.799.C","16.0176009614"
"801","3.800.C","8.4519710892"
"802","3.801.C","16.3908539401"
"803","3.802.C","19.2449684639"
"804","3.803.C","10.162183662"
"805","3.804.C","19.4295678711"
"806","3.805.C","14.4445033636"
"807","3.806.C","10.8007929531"
"808","3.807.C","6.4427115009"
"809","3.808.C","6.2962956387"
"810","3.809.C","11.2277883899"
"811","3.810.C","12.443305316"
"812","3.811.C","15.8485455336"
"813","3.812.C","10.4151294184"
"814","3.813.C","9.8465560967"
"815","3.814.C","9.5300985536"
"816","3.815.C","11.5163997441"
"817","3.816.C","12.6861087921"
"818","3.817.C","16.0675712534"
"819","3.818.C","13.6396897179"
"820","3.819.C","11.3467116799"
"821","3.820.C","13.9298038368"
"822","3.821.C","15.5144959287"
"823","3.822.C","18.0533928811"
"824","3.823.C","10.8071131359"
"825","3.824.C","10.8690577487"
"826","3.825.C","14.0231044166"
"827","3.826.C","13.5528564036"
"828","3.827.C","13.0146326325"
"829","3.828.C","14.6613010185"
"830","3.829.C","14.3148299159"
"831","3.830.C","9.140690845"
"832","3.831.C","13.2682562268"
"833","3.832.C","14.5337544076"
"834","3.833.C","9.5852187471"
"835","3.834.C","11.9176901007"
"836","3.835.C","15.4094331998"
"837","3.836.C","13.7935729166"
"838","3.837.C","9.4642839319"
"839","3.838.C","13.6798283532"
"840","3.839.C","10.1798539755"
"841","3.840.C","13.5611689481"
"842","3.841.C","14.2300959365"
"843","3.842.C","13.5808416283"
"844","3.843.C","14.7660329285"
"845","3.844.C","10.4087978923"
"846","3.845.C","9.9538588527"
"847","3.846.C","17.3966790279"
"848","3.847.C","15.5647438936"
"849","3.848.C","9.8100085153"
"850","3.849.C","10.8769880947"
"851","3.850.C","15.6807215395"
"852","3.851.C","10.0144156325"
"853","3.852.C","15.1333385319"
"854","3.853.C","13.416766062"
"855","3.854.C","11.8095275719"
"856","3.855.C","12.3677202972"
"857","3.856.C","15.3301115001"
"858","3.857.C","9.5556310787"
"859","3.858.C","16.2760995516"
"860","3.859.C","9.1025600563"
"861","3.860.C","9.8696120936"
"862","3.861.C","13.4863910959"
"863","3.862.C","8.6108025803"
"864","3.863.C","7.9141792104"
"865","3.864.C","10.5200237658"
"866","3.865.C","12.7782967199"
"867","3.866.C","10.8587641176"
"868","3.867.C","9.3219806742"
"869","3.868.C","12.2898114186"
"870","3.869.C","9.7406927645"
"871","3.870.C","9.4122963139"
"872","3.871.C","13.3829912424"
"873","3.872.C","12.0102740224"
"874","3.873.C","9.806790115"
"875","3.874.C","16.9406480351"
"876","3.875.C","12.192884053"
"877","3.876.C","15.7276383162"
"878","3.877.C","12.3020769151"
"879","3.878.C","15.7039047326"
"880","3.879.C","12.4721097585"
"881","3.880.C","6.6230413205"
"882","3.881.C","12.3831842703"
"883","3.882.C","13.439960831"
"884","3.883.C","12.3162099808"
"885","3.884.C","11.8727509271"
"886","3.885.C","11.6736355645"
"887","3.886.C","14.4713632541"
"888","3.887.C","9.6955173445"
"889","3.888.C","6.5026697175"
"890","3.889.C","9.2784068492"
"891","3.890.C","10.840802197"
"892","3.891.C","9.9108369763"
"893","3.892.C","18.5886630191"
"894","3.893.C","12.8076628016"
"895","3.894.C","13.0905252968"
"896","3.895.C","8.5670252433"
"897","3.896.C","14.5246949223"
"898","3.897.C","11.0899492504"
"899","3.898.C","11.6381723484"
"900","3.899.C","7.1770954654"
"901","3.900.C","13.3598675532"
"902","3.901.C","13.2037598769"
"903","3.902.C","12.7128204839"
"904","3.903.C","10.4870252374"
"905","3.904.C","14.521269538"
"906","3.905.C","7.4454614156"
"907","3.906.C","15.8656856899"
"908","3.907.C","13.0060214493"
"909","3.908.C","9.6439970368"
"910","3.909.C","7.4545526694"
"911","3.910.C","9.8526233688"
"912","3.911.C","5.8281304815"
"913","3.912.C","9.971315371"
"914","3.913.C","12.1227480034"
"915","3.914.C","9.3494008914"
"916","3.915.C","15.7983236742"
"917","3.916.C","11.0403674092"
"918","3.917.C","15.2590285756"
"919","3.918.C","14.4891341243"
"920","3.919.C","10.804480946"
"921","3.920.C","8.5567915544"
"922","3.921.C","12.781894657"
"923","3.922.C","15.7547647696"
"924","3.923.C","9.915996607"
"925","3.924.C","9.1609054362"
"926","3.925.C","9.8121538247"
"927","3.926.C","14.9718539293"
"928","3.927.C","9.8880723701"
"929","3.928.C","13.3790550665"
"930","3.929.C","10.9056118397"
"931","3.930.C","12.6261935812"
"932","3.931.C","13.9255939674"
"933","3.932.C","12.1006132038"
"934","3.933.C","10.5680672311"
"935","3.934.C","12.200367138"
"936","3.935.C","11.6634820059"
"937","3.936.C","13.1172688484"
"938","3.937.C","9.9012239526"
"939","3.938.C","13.1029749982"
"940","3.939.C","11.8599715975"
"941","3.940.C","15.829898232"
"942","3.941.C","11.5442639581"
"943","3.942.C","9.3848420919"
"944","3.943.C","9.5457671915"
"945","3.944.C","12.9785812117"
"946","3.945.C","9.6957576764"
"947","3.946.C","11.992621976"
"948","3.947.C","14.5182607158"
"949","3.948.C","8.8753863645"
"950","3.949.C","9.6322052925"
"951","3.950.C","8.5378864665"
"952","3.951.C","12.3468197822"
"953","3.952.C","9.5033873123"
"954","3.953.C","8.8866933898"
"955","3.954.C","8.0282208082"
"956","3.955.C","15.56000654"
"957","3.956.C","10.7019602897"
"958","3.957.C","12.2621779664"
"959","3.958.C","12.050820909"
"960","3.959.C","15.1646775909"
"961","3.960.C","8.704906038"
"962","3.961.C","7.3906244209"
"963","3.962.C","17.7487882585"
"964","3.963.C","13.8547127999"
"965","3.964.C","15.6915746497"
"966","3.965.C","15.3433894659"
"967","3.966.C","11.6475980601"
"968","3.967.C","10.7760502606"
"969","3.968.C","9.7141012935"
"970","3.969.C","14.2487074492"
"971","3.970.C","14.090773515"
"972","3.971.C","9.313866724"
"973","3.972.C","14.693629406"
"974","3.973.C","11.1646546667"
"975","3.974.C","10.5234612306"
"976","3.975.C","9.9916714694"
"977","3.976.C","14.3773803743"
"978","3.977.C","10.9585642663"
"979","3.978.C","12.472885005"
"980","3.979.C","9.9544240056"
"981","3.980.C","10.4696527741"
"982","3.981.C","10.8554205857"
"983","3.982.C","17.0350635698"
"984","3.983.C","9.9385830434"
"985","3.984.C","10.2470432378"
"986","3.985.C","10.9959464223"
"987","3.986.C","6.6406326293"
"988","3.987.C","11.1541283452"
"989","3.988.C","11.7243375199"
"990","3.989.C","13.9328709166"
"991","3.990.C","11.023727696"
"992","3.991.C","8.6328200468"
"993","3.992.C","11.5330335855"
"994","3.993.C","15.1357126536"
"995","3.994.C","11.9219551319"
"996","3.995.C","15.4574516048"
"997","3.996.C","10.5315492236"
"998","3.997.C","10.2282849515"
"999","3.998.C","11.2239868665"
"1000","3.999.C","6.5635549576"
"1001","3.1000.C","11.2619985053"
"1002","3.1001.C","9.781838949"
"1003","3.1002.C","14.4333147693"
"1004","3.1003.C","9.799523403"
"1005","3.1004.C","10.2286403696"
"1006","3.1005.C","8.6421143357"
"1007","3.1006.C","6.3042920975"
"1008","3.1007.C","7.7757013392"
"1009","3.1008.C","10.7662162138"
"1010","3.1009.C","10.0844542115"
"1011","3.1010.C","13.0910014128"
"1012","3.1011.C","9.4247941871"
"1013","3.1012.C","15.4734678775"
"1014","3.1013.C","8.5264826993"
"1015","3.1014.C","8.2302534614"
"1016","3.1015.C","11.8397468981"
"1017","3.1016.C","11.402252965"
"1018","3.1017.C","12.3356163663"
"1019","3.1018.C","6.6565029844"
"1020","3.1019.C","12.6688683553"
"1021","3.1020.C","13.1693702831"
"1022","3.1021.C","12.8075953414"
"1023","3.1022.C","9.7881278534"
"1024","3.1023.C","14.069147458"
"1025","3.1024.C","6.352665342"
"1026","3.1025.C","14.4713353355"
"1027","3.1026.C","13.9734490435"
"1028","3.1027.C","9.9963370844"
"1029","3.1028.C","9.5754969642"
"1030","3.1029.C","11.6800257657"
"1031","3.1030.C","12.8187476134"
"1032","3.1031.C","6.647064842"
"1033","3.1032.C","10.3752424809"
"1034","3.1033.C","9.5574211094"
"1035","3.1034.C","15.256548913"
"1036","3.1035.C","11.1778016661"
"1037","3.1036.C","15.7235131368"
"1038","3.1037.C","7.5193496708"
"1039","3.1038.C","13.7355818447"
"1040","3.1039.C","9.9194791384"
"1041","3.1040.C","9.774396959"
"1042","3.1041.C","12.7778282699"
"1043","3.1042.C","9.0584380376"
"1044","3.1043.C","10.0846880326"
"1045","3.1044.C","12.2146203518"
"1046","3.1045.C","5.8726152071"
"1047","3.1046.C","9.196534517"
"1048","3.1047.C","9.8871200737"
"1049","3.1048.C","9.7902563896"
"1050","3.1049.C","8.1065153211"
"1051","3.1050.C","11.3875017672"
"1052","3.1051.C","9.4399452631"
"1053","3.1052.C","6.4222405854"
"1054","3.1053.C","13.0942193617"
"1055","3.1054.C","9.6319287523"
"1056","3.1055.C","9.7758442984"
"1057","3.1056.C","12.8520954326"
"1058","3.1057.C","13.6641267698"
"1059","3.1058.C","9.2898549525"
"1060","3.1059.C","7.1811918586"
"1061","3.1060.C","7.3484819978"
"1062","3.1061.C","6.2113084588"
"1063","3.1062.C","11.1217815803"
"1064","3.1063.C","13.4128473719"
"1065","3.1064.C","9.5231674346"
"1066","3.1065.C","9.135266035"
"1067","3.1066.C","12.589986424"
"1068","3.1067.C","11.1083849975"
"1069","3.1068.C","7.4799717454"
"1070","3.1069.C","13.4427999563"
"1071","3.1070.C","9.0186314007"
"1072","3.1071.C","9.8227457748"
"1073","3.1072.C","15.6274257532"
"1074","3.1073.C","9.1544633193"
"1075","3.1074.C","12.0235192929"
"1076","3.1075.C","13.5588949506"
"1077","3.1076.C","9.686359371"
"1078","3.1077.C","10.8627012058"
"1079","3.1078.C","13.3140837348"
"1080","3.1079.C","7.8069657989"
"1081","3.1080.C","9.862559712"
"1082","3.1081.C","9.9065183842"
"1083","3.1082.C","9.7932811535"
"1084","3.1083.C","15.2309440431"
"1085","3.1084.C","10.0033443417"
"1086","3.1085.C","9.935060617"
"1087","3.1086.C","12.1530863991"
"1088","3.1087.C","12.7370748878"
"1089","3.1088.C","6.6583224384"
"1090","3.1089.C","9.9311049535"
"1091","3.1090.C","9.8874020459"
"1092","3.1091.C","12.0169158307"
"1093","3.1092.C","9.3161821693"
"1094","3.1093.C","12.5552238195"
"1095","3.1094.C","13.1621347335"
"1096","3.1095.C","10.4270075775"
"1097","3.1096.C","16.0376532281"
"1098","3.1097.C","4.8468877405"
"1099","3.1098.C","12.6088224839"
"1100","3.1099.C","9.3809074313"
"1101","3.1100.C","9.3062757046"
"1102","3.1101.C","9.3186561309"
"1103","3.1102.C","9.4443265914"
"1104","3.1103.C","13.9699015442"
"1105","3.1104.C","9.7721005552"
"1106","3.1105.C","11.3668676018"
"1107","3.1106.C","9.1035035978"
"1108","3.1107.C","9.7622444462"
"1109","3.1108.C","7.618776988"
"1110","3.1109.C","9.6259447995"
"1111","3.1110.C","9.0185775596"
"1112","3.1111.C","6.0805479186"
"1113","3.1112.C","14.0803599517"
"1114","3.1113.C","5.0293468602"
"1115","3.1114.C","11.1850415642"
"1116","3.1115.C","10.0864441321"
"1117","3.1116.C","8.8035864602"
"1118","3.1117.C","13.8872544597"
"1119","3.1118.C","8.9366118888"
"1120","3.1119.C","13.1129566401"
"1121","3.1120.C","9.0476346916"
"1122","3.1121.C","11.2985684692"
"1123","3.1122.C","13.8085771384"
"1124","3.1123.C","11.2971219851"
"1125","3.1124.C","11.5491482638"
"1126","3.1125.C","9.3328782095"
"1127","3.1126.C","6.375211927"
"1128","3.1127.C","12.3755710079"
"1129","3.1128.C","13.3984011983"
"1130","3.1129.C","13.2226436594"
"1131","3.1130.C","12.4966131706"
"1132","3.1131.C","9.9486883025"
"1133","3.1132.C","10.7677956458"
"1134","3.1133.C","7.8205504337"
"1135","3.1134.C","14.7149650276"
"1136","3.1135.C","14.7126702969"
"1137","3.1136.C","3.1666658382"
"1138","3.1137.C","13.7483820757"
"1139","3.1138.C","9.9486675098"
"1140","3.1139.C","12.2129806616"
"1141","3.1140.C","11.3480324288"
"1142","3.1141.C","15.0369133772"
"1143","3.1142.C","11.5533142996"
"1144","3.1143.C","14.5125096951"
"1145","3.1144.C","13.5301520119"
"1146","3.1145.C","5.4078688331"
"1147","3.1146.C","6.458316506"
"1148","3.1147.C","5.2988571323"
"1149","3.1148.C","10.9926437853"
"1150","3.1149.C","11.5281817481"
"1151","3.1150.C","10.9130560385"
"1152","3.1151.C","13.5031979636"
"1153","3.1152.C","9.6564426174"
"1154","3.1153.C","10.3274442252"
"1155","3.1154.C","12.0960365171"
"1156","3.1155.C","14.0005417853"
"1157","3.1156.C","8.1418950159"
"1158","3.1157.C","5.5502723632"
"1159","3.1158.C","12.4263571949"
"1160","3.1159.C","9.1630447185"
"1161","3.1160.C","9.0869666772"
"1162","3.1161.C","13.8159730333"
"1163","3.1162.C","7.6681030041"
"1164","3.1163.C","9.8434576864"
"1165","3.1164.C","11.0648361614"
"1166","3.1165.C","9.561845308"
"1167","3.1166.C","4.5803708977"
"1168","3.1167.C","12.3448585948"
"1169","3.1168.C","6.2609281892"
"1170","3.1169.C","10.1761236193"
"1171","3.1170.C","7.304939137"
"1172","3.1171.C","6.4645209452"
"1173","3.1172.C","9.142376036"
"1174","3.1173.C","8.5589968552"
"1175","3.1174.C","9.8399097618"
"1176","3.1175.C","13.6067068428"
"1177","3.1176.C","9.9457679142"
"1178","3.1177.C","10.5337821924"
"1179","3.1178.C","9.9340423291"
"1180","3.1179.C","10.1064647009"
"1181","3.1180.C","10.8315206521"
"1182","3.1181.C","10.2364753458"
"1183","3.1182.C","10.8973024308"
"1184","3.1183.C","11.7905312202"
"1185","3.1184.C","12.4211682664"
"1186","3.1185.C","11.5884334036"
"1187","3.1186.C","11.2430398953"
"1188","3.1187.C","11.2335576083"
"1189","3.1188.C","11.7657501963"
"1190","3.1189.C","12.5920260175"
"1191","3.1190.C","9.9010016411"
"1192","3.1191.C","13.6056915661"
"1193","3.1192.C","7.9899185907"
"1194","3.1193.C","12.1507723662"
"1195","3.1194.C","9.6582911998"
"1196","3.1195.C","6.6950992485"
"1197","3.1196.C","7.5719441959"
"1198","3.1197.C","9.6277714149"
"1199","3.1198.C","9.7880305714"
"1200","3.1199.C","13.348235394"
"1201","3.1200.C","10.1950886923"
"1202","3.1201.C","7.7705738238"
"1203","3.1202.C","14.8716966114"
"1204","3.1203.C","9.5240906241"
"1205","3.1204.C","7.2151376458"
"1206","3.1205.C","10.3799463742"
"1207","3.1206.C","12.3342865528"
"1208","3.1207.C","5.2230338651"
"1209","3.1208.C","12.9366621169"
"1210","3.1209.C","11.5339635844"
"1211","3.1210.C","9.4982318962"
"1212","3.1211.C","9.8606605192"
"1213","3.1212.C","11.0159421364"
"1214","3.1213.C","9.3830927395"
"1215","3.1214.C","9.8206519844"
"1216","3.1215.C","12.677284589"
"1217","3.1216.C","9.7934105653"
"1218","3.1217.C","8.6694236562"
"1219","3.1218.C","9.9023562215"
"1220","3.1219.C","6.1289124868"
"1221","3.1220.C","9.3095638208"
"1222","3.1221.C","9.246508218"
"1223","3.1222.C","6.2031403621"
"1224","3.1223.C","8.1535776498"
"1225","3.1224.C","11.6422350332"
"1226","3.1225.C","11.9914547415"
"1227","3.1226.C","12.4994193343"
"1228","3.1227.C","11.4717883407"
"1229","3.1228.C","10.7533557738"
"1230","3.1229.C","6.3073580259"
"1231","3.1230.C","3.0360903548"
"1232","3.1231.C","9.7732326839"
"1233","3.1232.C","9.243131406"
"1234","3.1233.C","9.8515516906"
"1235","3.1234.C","7.306921092"
"1236","3.1235.C","9.6213310319"
"1237","3.1236.C","10.1372202535"
"1238","3.1237.C","6.1262702079"
"1239","3.1238.C","7.8258594269"
"1240","3.1239.C","10.5478632342"
"1241","3.1240.C","9.3571226139"
"1242","3.1241.C","9.3699576878"
"1243","3.1242.C","9.6873042578"
"1244","3.1243.C","7.5350232704"
"1245","3.1244.C","13.4124371042"
"1246","3.1245.C","9.8006558912"
"1247","3.1246.C","6.6368944632"
"1248","3.1247.C","7.6316182275"
"1249","3.1248.C","6.2075215864"
"1250","3.1249.C","12.5177986924"
"1251","3.1250.C","10.5359066987"
"1252","3.1251.C","5.0046883884"
"1253","3.1252.C","11.7814335216"
"1254","3.1253.C","12.5412864497"
"1255","3.1254.C","12.6400246609"
"1256","3.1255.C","6.7895176539"
"1257","3.1256.C","9.7597535835"
"1258","3.1257.C","11.4803364385"
"1259","3.1258.C","8.214769029"
"1260","3.1259.C","12.5601219605"
"1261","3.1260.C","6.2607592809"
"1262","3.1261.C","7.6646478248"
"1263","3.1262.C","12.0943405812"
"1264","3.1263.C","9.9705866664"
"1265","3.1264.C","6.2868772734"
"1266","3.1265.C","9.3369651175"
"1267","3.1266.C","9.8460460244"
"1268","3.1267.C","4.4280494956"
"1269","3.1268.C","9.4753398869"
"1270","3.1269.C","12.0325114613"
"1271","3.1270.C","8.4677430946"
"1272","3.1271.C","6.5203122296"
"1273","3.1272.C","10.2033713392"
"1274","3.1273.C","9.0771026976"
"1275","3.1274.C","11.5072489432"
"1276","3.1275.C","8.7417462031"
"1277","3.1276.C","12.8249670623"
"1278","3.1277.C","9.7869927826"
"1279","3.1278.C","9.931874844"
"1280","3.1279.C","10.5624359049"
"1281","3.1280.C","13.2105825879"
"1282","3.1281.C","10.737670272"
"1283","3.1282.C","10.9089047127"
"1284","3.1283.C","9.0645825665"
"1285","3.1284.C","9.9458169715"
"1286","3.1285.C","6.556875902"
"1287","3.1286.C","8.0357025007"
"1288","3.1287.C","6.0527441189"
"1289","3.1288.C","13.1560210427"
"1290","3.1289.C","9.5025861852"
"1291","3.1290.C","9.4070001306"
"1292","3.1291.C","6.4555051152"
"1293","3.1292.C","8.2423200514"
"1294","3.1293.C","8.0639052614"
"1295","3.1294.C","10.5332639247"
"1296","3.1295.C","8.5806297013"
"1297","3.1296.C","12.3375142556"
"1298","3.1297.C","6.0025529158"
"1299","3.1298.C","8.9959966428"
"1300","3.1299.C","8.5292663469"
"1301","3.1300.C","10.2548308993"
"1302","3.1301.C","9.9958718889"
"1303","3.1302.C","9.5003687244"
"1304","3.1303.C","9.1264104537"
"1305","3.1304.C","8.6614537636"
"1306","3.1305.C","9.9144697292"
"1307","3.1306.C","12.7520350534"
"1308","3.1307.C","11.1741215569"
"1309","3.1308.C","10.9908826032"
"1310","3.1309.C","6.9802790732"
"1311","3.1310.C","10.3037592207"
"1312","3.1311.C","11.0594644495"
"1313","3.1312.C","8.6333480499"
"1314","3.1313.C","8.3851463531"
"1315","3.1314.C","9.7595837201"
"1316","3.1315.C","14.7876689337"
"1317","3.1316.C","11.7723486404"
"1318","3.1317.C","10.7054418047"
"1319","3.1318.C","12.3592473086"
"1320","3.1319.C","8.7953898159"
"1321","3.1320.C","7.5889743561"
"1322","3.1321.C","12.3949266074"
"1323","3.1322.C","6.0341186716"
"1324","3.1323.C","9.5705467263"
"1325","3.1324.C","12.9211038321"
"1326","3.1325.C","10.6073110322"
"1327","3.1326.C","8.829637764"
"1328","3.1327.C","12.9939468105"
"1329","3.1328.C","8.9147403824"
"1330","3.1329.C","15.9578919065"
"1331","3.1330.C","7.7884063711"
"1332","3.1331.C","11.7583460407"
"1333","3.1332.C","10.5728242111"
"1334","3.1333.C","10.6199840116"
"1335","3.1334.C","9.5976336954"
"1336","3.1335.C","9.0533521724"
"1337","3.1336.C","12.9033939857"
"1338","3.1337.C","9.3658217637"
"1339","3.1338.C","9.8157306357"
"1340","3.1339.C","9.9499978844"
"1341","3.1340.C","6.125093643"
"1342","3.1341.C","5.8379161526"
"1343","3.1342.C","11.6519453611"
"1344","3.1343.C","12.5185942706"
"1345","3.1344.C","10.513872375"
"1346","3.1345.C","9.7586255873"
"1347","3.1346.C","10.2749674306"
"1348","3.1347.C","9.2206284963"
"1349","3.1348.C","9.8957575269"
"1350","3.1349.C","8.415310046"
"1351","3.1350.C","9.4579499784"
"1352","3.1351.C","9.2956885105"
"1353","3.1352.C","8.0353109613"
"1354","3.1353.C","6.6408744509"
"1355","3.1354.C","9.9426020339"
"1356","3.1355.C","9.7648551749"
"1357","3.1356.C","11.3370228876"
"1358","3.1357.C","6.0125768004"
"1359","3.1358.C","8.8415412312"
"1360","3.1359.C","11.9258631157"
"1361","3.1360.C","10.127473875"
"1362","3.1361.C","9.9898858058"
"1363","3.1362.C","7.8843641437"
"1364","3.1363.C","12.1766892083"
"1365","3.1364.C","9.860443196"
"1366","3.1365.C","11.5387439085"
"1367","3.1366.C","7.2711272469"
"1368","3.1367.C","9.5878417407"
"1369","3.1368.C","8.1961553922"
"1370","3.1369.C","10.3780959093"
"1371","3.1370.C","6.2491854852"
"1372","3.1371.C","6.4114863008"
"1373","3.1372.C","11.3549152466"
"1374","3.1373.C","6.12634485"
"1375","3.1374.C","9.3301539546"
"1376","3.1375.C","2.7607558715"
"1377","3.1376.C","8.1879572046"
"1378","3.1377.C","8.5748209883"
"1379","3.1378.C","9.9492840733"
"1380","3.1379.C","9.6677750931"
"1381","3.1380.C","10.2751251437"
"1382","3.1381.C","8.6601287226"
"1383","3.1382.C","7.0885732533"
"1384","3.1383.C","10.9858596639"
"1385","3.1384.C","11.1470836399"
"1386","3.1385.C","9.6195796124"
"1387","3.1386.C","11.367994134"
"1388","3.1387.C","9.9660896166"
"1389","3.1388.C","11.7013437724"
"1390","3.1389.C","12.9622388557"
"1391","3.1390.C","6.9256899453"
"1392","3.1391.C","10.9325213524"
"1393","3.1392.C","7.1382181175"
"1394","3.1393.C","10.1827883083"
"1395","3.1394.C","7.2371255681"
"1396","3.1395.C","9.6986748923"
"1397","3.1396.C","7.8993956955"
"1398","3.1397.C","6.9945343737"
"1399","3.1398.C","9.8680815687"
"1400","3.1399.C","11.1543997694"
"1401","3.1400.C","9.5312339572"
"1402","3.1401.C","10.0431361466"
"1403","3.1402.C","6.3265640363"
"1404","3.1403.C","6.6768116053"
"1405","3.1404.C","10.103019699"
"1406","3.1405.C","9.7259922853"
"1407","3.1406.C","9.9110046312"
"1408","3.1407.C","9.9184999054"
"1409","3.1408.C","10.4619472512"
"1410","3.1409.C","9.3225029763"
"1411","3.1410.C","9.1791626956"
"1412","3.1411.C","9.4071337188"
"1413","3.1412.C","3.2200263371"
"1414","3.1413.C","9.9315846208"
"1415","3.1414.C","4.195579417"
"1416","3.1415.C","6.8484901599"
"1417","3.1416.C","9.0375070139"
"1418","3.1417.C","9.6439001711"
"1419","3.1418.C","5.8352512093"
"1420","3.1419.C","8.074003881"
"1421","3.1420.C","5.1069550701"
"1422","3.1421.C","8.2944184925"
"1423","3.1422.C","6.4260381365"
"1424","3.1423.C","8.8011745228"
"1425","3.1424.C","5.6079514207"
"1426","3.1425.C","13.4766122567"
"1427","3.1426.C","4.5748606599"
"1428","3.1427.C","5.7086964741"
"1429","3.1428.C","7.3944767866"
"1430","3.1429.C","6.3661206866"
"1431","3.1430.C","11.0876474287"
"1432","3.1431.C","7.2027449871"
"1433","3.1432.C","12.635496872"
"1434","3.1433.C","5.666550904"
"1435","3.1434.C","9.667512162"
"1436","3.1435.C","9.8756730711"
"1437","3.1436.C","7.3808318428"
"1438","3.1437.C","10.8758299401"
"1439","3.1438.C","12.0200645907"
"1440","3.1439.C","8.7217148195"
"1441","3.1440.C","8.3299122782"
"1442","3.1441.C","8.0063563748"
"1443","3.1442.C","9.3229416879"
"1444","3.1443.C","8.2602696772"
"1445","3.1444.C","7.2003803298"
"1446","3.1445.C","10.2226158396"
"1447","3.1446.C","8.3981870363"
"1448","3.1447.C","5.5106547845"
"1449","3.1448.C","9.1321619882"
"1450","3.1449.C","9.1289962925"
"1451","3.1450.C","8.7120303596"
"1452","3.1451.C","8.608673315"
"1453","3.1452.C","12.1637937121"
"1454","3.1453.C","10.6194783071"
"1455","3.1454.C","11.3994760885"
"1456","3.1455.C","11.0868343909"
"1457","3.1456.C","11.4313454481"
"1458","3.1457.C","9.9453802266"
"1459","3.1458.C","9.5601587265"
"1460","3.1459.C","6.5355888917"
"1461","3.1460.C","9.9937378629"
"1462","3.1461.C","7.7886616675"
"1463","3.1462.C","8.5750460512"
"1464","3.1463.C","9.3407337633"
"1465","3.1464.C","9.5050554597"
"1466","3.1465.C","9.0001923996"
"1467","3.1466.C","9.5837889596"
"1468","3.1467.C","10.2771157812"
"1469","3.1468.C","9.6339695256"
"1470","3.1469.C","9.8903754059"
"1471","3.1470.C","6.5764128003"
"1472","3.1471.C","8.640970447"
"1473","3.1472.C","12.3898177633"
"1474","3.1473.C","6.0565575267"
"1475","3.1474.C","11.8026698386"
"1476","3.1475.C","9.7657106387"
"1477","3.1476.C","9.4660116417"
"1478","3.1477.C","11.9266860763"
"1479","3.1478.C","9.9648983916"
"1480","3.1479.C","6.9358793265"
"1481","3.1480.C","7.6206632566"
"1482","3.1481.C","11.8311392031"
"1483","3.1482.C","2.9482535739"
"1484","3.1483.C","10.0423669734"
"1485","3.1484.C","9.5553550765"
"1486","3.1485.C","9.012807718"
"1487","3.1486.C","4.3097667722"
"1488","3.1487.C","5.499044573"
"1489","3.1488.C","6.1886107612"
"1490","3.1489.C","7.8209501957"
"1491","3.1490.C","8.5718189333"
"1492","3.1491.C","6.4698793795"
"1493","3.1492.C","7.5778163521"
"1494","3.1493.C","6.8228810245"
"1495","3.1494.C","8.8976967826"
"1496","3.1495.C","9.9899278016"
"1497","3.1496.C","7.2752389813"
"1498","3.1497.C","7.0841659685"
"1499","3.1498.C","9.980541852"
"1500","3.1499.C","6.3877471994"
"1501","3.1500.C","8.6401117437"
"1502","3.1501.C","9.4252503409"
"1503","3.1502.C","8.79149024"
"1504","3.1503.C","7.7489339869"
"1505","3.1504.C","6.1367639673"
"1506","3.1505.C","6.7911236492"
"1507","3.1506.C","9.7940755818"
"1508","3.1507.C","9.3806496364"
"1509","3.1508.C","10.8389011565"
"1510","3.1509.C","5.5069918218"
"1511","3.1510.C","9.9542253394"
"1512","3.1511.C","9.9974529259"
"1513","3.1512.C","7.3433854464"
"1514","3.1513.C","9.6540888134"
"1515","3.1514.C","10.0898355517"
"1516","3.1515.C","9.6351388215"
"1517","3.1516.C","9.622464616"
"1518","3.1517.C","8.0311819767"
"1519","3.1518.C","6.4858021634"
"1520","3.1519.C","9.8338992455"
"1521","3.1520.C","9.1769880014"
"1522","3.1521.C","8.9082289424"
"1523","3.1522.C","8.6429017884"
"1524","3.1523.C","9.0548245092"
"1525","3.1524.C","6.504279137"
"1526","3.1525.C","8.5362755018"
"1527","3.1526.C","9.9666502802"
"1528","3.1527.C","6.0133983804"
"1529","3.1528.C","7.6976498569"
"1530","3.1529.C","8.3823898829"
"1531","3.1530.C","8.7633105625"
"1532","3.1531.C","8.7683377"
"1533","3.1532.C","6.326836226"
"1534","3.1533.C","8.7280784225"
"1535","3.1534.C","8.1149693815"
"1536","3.1535.C","9.0835528899"
"1537","3.1536.C","7.6597682513"
"1538","3.1537.C","6.1583214717"
"1539","3.1538.C","6.6701156993"
"1540","3.1539.C","8.4380875896"
"1541","3.1540.C","12.7489545055"
"1542","3.1541.C","6.2503439222"
"1543","3.1542.C","7.7420773296"
"1544","3.1543.C","11.3789962631"
"1545","3.1544.C","8.4282554373"
"1546","3.1545.C","8.0395656567"
"1547","3.1546.C","7.4921416349"
"1548","3.1547.C","9.7044646821"
"1549","3.1548.C","8.4994395796"
"1550","3.1549.C","9.8266611037"
"1551","3.1550.C","3.6340068619"
"1552","3.1551.C","9.279603208"
"1553","3.1552.C","8.2402635011"
"1554","3.1553.C","6.0684921287"
"1555","3.1554.C","10.7678148044"
"1556","3.1555.C","9.7937727966"
"1557","3.1556.C","9.8698873689"
"1558","3.1557.C","8.8995503482"
"1559","3.1558.C","9.9462318837"
"1560","3.1559.C","11.5072158843"
"1561","3.1560.C","6.3676235011"
"1562","3.1561.C","8.5354194697"
"1563","3.1562.C","9.7244484423"
"1564","3.1563.C","8.8992749669"
"1565","3.1564.C","6.142409708"
"1566","3.1565.C","9.8918211151"
"1567","3.1566.C","7.9314260717"
"1568","3.1567.C","11.5633247894"
"1569","3.1568.C","10.405031497"
"1570","3.1569.C","6.3487976345"
"1571","3.1570.C","9.8691957814"
"1572","3.1571.C","8.6203320067"
"1573","3.1572.C","8.6048953992"
"1574","3.1573.C","8.9181250689"
"1575","3.1574.C","7.7990434553"
"1576","3.1575.C","10.8877878455"
"1577","3.1576.C","9.9947047179"
"1578","3.1577.C","6.0695119961"
"1579","3.1578.C","9.9449584017"
"1580","3.1579.C","6.4738791096"
"1581","3.1580.C","8.3151856236"
"1582","3.1581.C","6.2887355786"
"1583","3.1582.C","7.9381625519"
"1584","3.1583.C","9.7602920568"
"1585","3.1584.C","6.343400984"
"1586","3.1585.C","6.8679827833"
"1587","3.1586.C","8.755062773"
"1588","3.1587.C","6.2955221157"
"1589","3.1588.C","8.7801386393"
"1590","3.1589.C","6.2389497449"
"1591","3.1590.C","8.307274853"
"1592","3.1591.C","7.6017537657"
"1593","3.1592.C","9.6784423938"
"1594","3.1593.C","10.5445337069"
"1595","3.1594.C","8.5267975641"
"1596","3.1595.C","7.0833200714"
"1597","3.1596.C","9.1365986513"
"1598","3.1597.C","9.938026888"
"1599","3.1598.C","6.2955886304"
"1600","3.1599.C","6.1928929091"
"1601","3.1600.C","8.7363334985"
"1602","3.1601.C","6.307871784"
"1603","3.1602.C","9.9956950526"
"1604","3.1603.C","6.4265129709"
"1605","3.1604.C","8.8181371202"
"1606","3.1605.C","9.2821700091"
"1607","3.1606.C","8.9014150997"
"1608","3.1607.C","6.1106060618"
"1609","3.1608.C","9.6020850091"
"1610","3.1609.C","9.4536568554"
"1611","3.1610.C","8.8582681411"
"1612","3.1611.C","9.052746455"
"1613","3.1612.C","6.319208677"
"1614","3.1613.C","8.3791225284"
"1615","3.1614.C","6.0704621848"
"1616","3.1615.C","10.5682119434"
"1617","3.1616.C","6.1269948596"
"1618","3.1617.C","7.5226804595"
"1619","3.1618.C","7.1667682395"
"1620","3.1619.C","9.0582227074"
"1621","3.1620.C","8.4507736285"
"1622","3.1621.C","9.9963658744"
"1623","3.1622.C","3.2178722958"
"1624","3.1623.C","8.1184663657"
"1625","3.1624.C","7.4880233509"
"1626","3.1625.C","6.163764226"
"1627","3.1626.C","6.3868016781"
"1628","3.1627.C","2.7134855252"
"1629","3.1628.C","7.2752435569"
"1630","3.1629.C","2.5931443651"
"1631","3.1630.C","9.8317426621"
"1632","3.1631.C","5.6941929736"
"1633","3.1632.C","2.7625274953"
"1634","3.1633.C","6.905333856"
"1635","3.1634.C","8.8162572295"
"1636","3.1635.C","9.2926807345"
"1637","3.1636.C","9.9450240037"
"1638","3.1637.C","5.8634409648"
"1639","3.1638.C","9.7241285148"
"1640","3.1639.C","5.2662865548"
"1641","3.1640.C","7.8753645797"
"1642","3.1641.C","11.9486869511"
"1643","3.1642.C","5.7386429565"
"1644","3.1643.C","11.8064406292"
"1645","3.1644.C","8.0396075682"
"1646","3.1645.C","9.25508097"
"1647","3.1646.C","10.847470288"
"1648","3.1647.C","8.9409798724"
"1649","3.1648.C","7.171248535"
"1650","3.1649.C","9.5902086968"
"1651","3.1650.C","8.3222876597"
"1652","3.1651.C","6.8339632396"
"1653","3.1652.C","6.2391644994"
"1654","3.1653.C","6.9209496817"
"1655","3.1654.C","8.7779230405"
"1656","3.1655.C","7.600126329"
"1657","3.1656.C","9.4305415306"
"1658","3.1657.C","8.2342022492"
"1659","3.1658.C","7.8687296518"
"1660","3.1659.C","5.1753818734"
"1661","3.1660.C","9.6012073139"
"1662","3.1661.C","9.3127704824"
"1663","3.1662.C","10.6618349377"
"1664","3.1663.C","6.3505374794"
"1665","3.1664.C","8.5719383615"
"1666","3.1665.C","8.6079396473"
"1667","3.1666.C","7.1441535852"
"1668","3.1667.C","8.1142818865"
"1669","3.1668.C","10.3140275937"
"1670","3.1669.C","9.8804476973"
"1671","3.1670.C","8.794622214"
"1672","3.1671.C","3.5655680317"
"1673","3.1672.C","10.925505275"
"1674","3.1673.C","6.1412590233"
"1675","3.1674.C","8.8134856707"
"1676","3.1675.C","7.1067933653"
"1677","3.1676.C","5.3794225246"
"1678","3.1677.C","8.0394785232"
"1679","3.1678.C","8.7865868022"
"1680","3.1679.C","6.2484553766"
"1681","3.1680.C","10.0570658609"
"1682","3.1681.C","7.5110852645"
"1683","3.1682.C","6.675420117"
"1684","3.1683.C","9.9475982977"
"1685","3.1684.C","7.2248260484"
"1686","3.1685.C","9.4231775716"
"1687","3.1686.C","4.7981477709"
"1688","3.1687.C","6.4134848342"
"1689","3.1688.C","8.9336713942"
"1690","3.1689.C","2.604391348"
"1691","3.1690.C","6.1280210228"
"1692","3.1691.C","7.7511896301"
"1693","3.1692.C","7.8639808044"
"1694","3.1693.C","6.1484601078"
"1695","3.1694.C","9.5646016066"
"1696","3.1695.C","7.6844211485"
"1697","3.1696.C","6.4964695054"
"1698","3.1697.C","11.0953782763"
"1699","3.1698.C","8.0013593291"
"1700","3.1699.C","6.8728475597"
"1701","3.1700.C","6.7573600468"
"1702","3.1701.C","4.3680427881"
"1703","3.1702.C","6.5303330679"
"1704","3.1703.C","8.3123107802"
"1705","3.1704.C","6.1842076495"
"1706","3.1705.C","3.0196411347"
"1707","3.1706.C","9.309167442"
"1708","3.1707.C","9.8873171008"
"1709","3.1708.C","6.1199346413"
"1710","3.1709.C","9.3383143785"
"1711","3.1710.C","7.5790345698"
"1712","3.1711.C","5.1493229667"
"1713","3.1712.C","8.2878918302"
"1714","3.1713.C","5.7008566892"
"1715","3.1714.C","5.7834124621"
"1716","3.1715.C","7.896153539"
"1717","3.1716.C","6.4792103098"
"1718","3.1717.C","6.2735438842"
"1719","3.1718.C","6.7873424926"
"1720","3.1719.C","6.4658737031"
"1721","3.1720.C","8.8923129961"
"1722","3.1721.C","3.0669769687"
"1723","3.1722.C","5.9669446424"
"1724","3.1723.C","5.8816884944"
"1725","3.1724.C","8.3159650427"
"1726","3.1725.C","5.5409517621"
"1727","3.1726.C","10.3829007702"
"1728","3.1727.C","7.2954945537"
"1729","3.1728.C","9.702055271"
"1730","3.1729.C","8.8729234713"
"1731","3.1730.C","6.1532755059"
"1732","3.1731.C","9.9676023705"
"1733","3.1732.C","7.3987413577"
"1734","3.1733.C","9.5200833228"
"1735","3.1734.C","8.5759245468"
"1736","3.1735.C","8.4560553832"
"1737","3.1736.C","5.5855272296"
"1738","3.1737.C","6.0271508275"
"1739","3.1738.C","7.0000355975"
"1740","3.1739.C","11.6349262015"
"1741","3.1740.C","6.5619782479"
"1742","3.1741.C","6.7097323038"
"1743","3.1742.C","7.4775712427"
"1744","3.1743.C","6.8450366726"
"1745","3.1744.C","2.8622955574"
"1746","3.1745.C","8.0775030439"
"1747","3.1746.C","4.5103810179"
"1748","3.1747.C","4.7342621142"
"1749","3.1748.C","8.8867171933"
"1750","3.1749.C","6.4309342925"
"1751","3.1750.C","6.8093061081"
"1752","3.1751.C","6.1468720279"
"1753","3.1752.C","6.0345513226"
"1754","3.1753.C","6.3929398483"
"1755","3.1754.C","8.7117739675"
"1756","3.1755.C","6.3333694442"
"1757","3.1756.C","7.5698421876"
"1758","3.1757.C","3.9828264308"
"1759","3.1758.C","6.176172248"
"1760","3.1759.C","9.920605443"
"1761","3.1760.C","7.6779738625"
"1762","3.1761.C","6.3150612151"
"1763","3.1762.C","7.1408349836"
"1764","3.1763.C","8.5558783917"
"1765","3.1764.C","10.6794471252"
"1766","3.1765.C","6.0300942064"
"1767","3.1766.C","9.7920655089"
"1768","3.1767.C","7.2153403697"
"1769","3.1768.C","4.663687109"
"1770","3.1769.C","2.9099176779"
"1771","3.1770.C","7.9643918183"
"1772","3.1771.C","6.129176892"
"1773","3.1772.C","8.1213813983"
"1774","3.1773.C","8.8008309177"
"1775","3.1774.C","9.6640375411"
"1776","3.1775.C","6.2790217391"
"1777","3.1776.C","9.5840887783"
"1778","3.1777.C","8.5120092768"
"1779","3.1778.C","6.6878329728"
"1780","3.1779.C","6.1979513784"
"1781","3.1780.C","9.7838651844"
"1782","3.1781.C","5.7564010517"
"1783","3.1782.C","6.1791056347"
"1784","3.1783.C","8.908052596"
"1785","3.1784.C","6.3565882574"
"1786","3.1785.C","6.6920828986"
"1787","3.1786.C","8.4342478817"
"1788","3.1787.C","9.3560164442"
"1789","3.1788.C","5.6086379385"
"1790","3.1789.C","9.7205256202"
"1791","3.1790.C","7.9853537178"
"1792","3.1791.C","9.6796618419"
"1793","3.1792.C","9.2925021369"
"1794","3.1793.C","9.6275878544"
"1795","3.1794.C","7.355396041"
"1796","3.1795.C","9.9460385966"
"1797","3.1796.C","8.874278281"
"1798","3.1797.C","9.1250735123"
"1799","3.1798.C","6.1587432807"
"1800","3.1799.C","9.0605015364"
"1801","3.1800.C","2.7696811794"
"1802","3.1801.C","2.9757763747"
"1803","3.1802.C","9.9970205727"
"1804","3.1803.C","9.5893533276"
"1805","3.1804.C","6.2579602243"
"1806","3.1805.C","6.4155791304"
"1807","3.1806.C","8.5352512258"
"1808","3.1807.C","6.9709870338"
"1809","3.1808.C","9.4069218376"
"1810","3.1809.C","7.9399790904"
"1811","3.1810.C","8.708048803"
"1812","3.1811.C","6.4956718426"
"1813","3.1812.C","6.0963453864"
"1814","3.1813.C","2.3673327805"
"1815","3.1814.C","8.0601722602"
"1816","3.1815.C","8.9139873585"
"1817","3.1816.C","6.5140894303"
"1818","3.1817.C","8.3069404026"
"1819","3.1818.C","9.9872069233"
"1820","3.1819.C","8.8265023476"
"1821","3.1820.C","3.0752984433"
"1822","3.1821.C","6.1820822461"
"1823","3.1822.C","2.8873682718"
"1824","3.1823.C","8.3685991432"
"1825","3.1824.C","7.1861552084"
"1826","3.1825.C","9.7354769691"
"1827","3.1826.C","5.6673726757"
"1828","3.1827.C","6.3022380798"
"1829","3.1828.C","5.2600570464"
"1830","3.1829.C","7.792378056"
"1831","3.1830.C","7.1441548882"
"1832","3.1831.C","6.3170185993"
"1833","3.1832.C","9.8338733438"
"1834","3.1833.C","7.5397723016"
"1835","3.1834.C","7.7993730854"
"1836","3.1835.C","6.6045870848"
"1837","3.1836.C","8.6044005428"
"1838","3.1837.C","3.2299031737"
"1839","3.1838.C","8.4357356945"
"1840","3.1839.C","8.8834454649"
"1841","3.1840.C","6.1781977309"
"1842","3.1841.C","6.5131702551"
"1843","3.1842.C","7.9046526571"
"1844","3.1843.C","7.2038122358"
"1845","3.1844.C","7.3829676934"
"1846","3.1845.C","6.9344840693"
"1847","3.1846.C","6.1973883322"
"1848","3.1847.C","6.3502829715"
"1849","3.1848.C","6.7752209323"
"1850","3.1849.C","6.2404911897"
"1851","3.1850.C","6.4970549851"
"1852","3.1851.C","7.5210488879"
"1853","3.1852.C","6.1208836397"
"1854","3.1853.C","5.2929550745"
"1855","3.1854.C","6.3963876912"
"1856","3.1855.C","2.9055823562"
"1857","3.1856.C","6.6868515568"
"1858","3.1857.C","6.8273986808"
"1859","3.1858.C","6.3163427399"
"1860","3.1859.C","6.0473092169"
"1861","3.1860.C","4.953435403"
"1862","3.1861.C","5.8489703179"
"1863","3.1862.C","7.5165236355"
"1864","3.1863.C","6.2807510447"
"1865","3.1864.C","6.1934781022"
"1866","3.1865.C","7.2966354028"
"1867","3.1866.C","8.3256816186"
"1868","3.1867.C","7.2815338989"
"1869","3.1868.C","8.4991328316"
"1870","3.1869.C","8.6496895083"
"1871","3.1870.C","6.7784879218"
"1872","3.1871.C","7.3158157287"
"1873","3.1872.C","5.922878451"
"1874","3.1873.C","2.6880145832"
"1875","3.1874.C","6.4314742061"
"1876","3.1875.C","8.0285453359"
"1877","3.1876.C","6.2328778469"
"1878","3.1877.C","7.3533076057"
"1879","3.1878.C","6.5920964278"
"1880","3.1879.C","6.4221313542"
"1881","3.1880.C","3.8045438801"
"1882","3.1881.C","5.5484991597"
"1883","3.1882.C","3.9589228934"
"1884","3.1883.C","6.5095117838"
"1885","3.1884.C","8.5684289819"
"1886","3.1885.C","6.18257639"
"1887","3.1886.C","9.787945612"
"1888","3.1887.C","5.9517424574"
"1889","3.1888.C","9.169313075"
"1890","3.1889.C","9.2167486692"
"1891","3.1890.C","8.4326408614"
"1892","3.1891.C","7.7257068925"
"1893","3.1892.C","6.7545709952"
"1894","3.1893.C","6.8488216082"
"1895","3.1894.C","5.0555757385"
"1896","3.1895.C","5.1743995873"
"1897","3.1896.C","6.8449721385"
"1898","3.1897.C","6.1756813259"
"1899","3.1898.C","3.0322100412"
"1900","3.1899.C","5.6036637659"
"1901","3.1900.C","5.6050820577"
"1902","3.1901.C","6.9423525905"
"1903","3.1902.C","9.1695001588"
"1904","3.1903.C","5.4567398579"
"1905","3.1904.C","5.4930362873"
"1906","3.1905.C","5.5210803449"
"1907","3.1906.C","7.796461101"
"1908","3.1907.C","6.3347075539"
"1909","3.1908.C","7.3954940435"
"1910","3.1909.C","6.4658168851"
"1911","3.1910.C","4.759262778"
"1912","3.1911.C","8.1538613105"
"1913","3.1912.C","7.4320501385"
"1914","3.1913.C","5.8971813198"
"1915","3.1914.C","8.082678402"
"1916","3.1915.C","6.8933799261"
"1917","3.1916.C","6.5484323285"
"1918","3.1917.C","6.0618206447"
"1919","3.1918.C","5.9372997395"
"1920","3.1919.C","4.4406666226"
"1921","3.1920.C","7.3692044849"
"1922","3.1921.C","5.3667399574"
"1923","3.1922.C","6.6850763533"
"1924","3.1923.C","7.3249920917"
"1925","3.1924.C","6.9262678645"
"1926","3.1925.C","8.9637675012"
"1927","3.1926.C","9.1020365862"
"1928","3.1927.C","6.1365213912"
"1929","3.1928.C","5.962717544"
"1930","3.1929.C","5.6391364769"
"1931","3.1930.C","6.2417595995"
"1932","3.1931.C","6.6493096682"
"1933","3.1932.C","6.2338906057"
"1934","3.1933.C","2.7578078153"
"1935","3.1934.C","6.415473575"
"1936","3.1935.C","7.9873961962"
"1937","3.1936.C","6.5126931748"
"1938","3.1937.C","6.9246441118"
"1939","3.1938.C","6.0719985942"
"1940","3.1939.C","6.2081147399"
"1941","3.1940.C","7.313655558"
"1942","3.1941.C","7.5373397981"
"1943","3.1942.C","5.8941565745"
"1944","3.1943.C","5.0346267283"
"1945","3.1944.C","6.4926863628"
"1946","3.1945.C","9.6155742881"
"1947","3.1946.C","7.123433763"
"1948","3.1947.C","6.3819781092"
"1949","3.1948.C","5.939644187"
"1950","3.1949.C","5.4409997422"
"1951","3.1950.C","6.6528223662"
"1952","3.1951.C","7.6806004073"
"1953","3.1952.C","6.0974579638"
"1954","3.1953.C","5.9783918325"
"1955","3.1954.C","6.0513235224"
"1956","3.1955.C","7.9823721612"
"1957","3.1956.C","5.2231522199"
"1958","3.1957.C","8.180490622"
"1959","3.1958.C","6.404801602"
"1960","3.1959.C","7.6288147329"
"1961","3.1960.C","6.0904689511"
"1962","3.1961.C","6.4754047032"
"1963","3.1962.C","6.0631465511"
"1964","3.1963.C","5.3471461361"
"1965","3.1964.C","4.809893694"
"1966","3.1965.C","6.3067944485"
"1967","3.1966.C","5.9597770025"
"1968","3.1967.C","6.480177151"
"1969","3.1968.C","8.4096528599"
"1970","3.1969.C","3.3058600024"
"1971","3.1970.C","6.1263668571"
"1972","3.1971.C","9.1559839603"
"1973","3.1972.C","4.1231287974"
"1974","3.1973.C","7.1074614338"
"1975","3.1974.C","6.329163337"
"1976","3.1975.C","7.1661925923"
"1977","3.1976.C","5.4978282207"
"1978","3.1977.C","5.1274343928"
"1979","3.1978.C","5.990346043"
"1980","3.1979.C","7.0440002172"
"1981","3.1980.C","7.0015516528"
"1982","3.1981.C","5.3583451717"
"1983","3.1982.C","3.0186892493"
"1984","3.1983.C","6.6155998371"
"1985","3.1984.C","6.798799379"
"1986","3.1985.C","2.263760935"
"1987","3.1986.C","8.1251351407"
"1988","3.1987.C","7.5994751669"
"1989","3.1988.C","7.8352810522"
"1990","3.1989.C","7.5765021181"
"1991","3.1990.C","9.9021306622"
"1992","3.1991.C","5.3854037823"
"1993","3.1992.C","5.8659786409"
"1994","3.1993.C","7.605932386"
"1995","3.1994.C","4.2525090439"
"1996","3.1995.C","6.9653631155"
"1997","3.1996.C","7.3412293191"
"1998","3.1997.C","3.0875491609"
"1999","3.1998.C","6.4008778005"
"2000","3.1999.C","6.0613688066"
"2001","3.2000.C","5.9567216358"
"2002","3.2001.C","6.2932970873"
"2003","3.2002.C","8.9884625914"
"2004","3.2003.C","6.0364477421"
"2005","3.2004.C","5.0404863653"
"2006","3.2005.C","7.3688665267"
"2007","3.2006.C","5.9913445792"
"2008","3.2007.C","4.8360908571"
"2009","3.2008.C","5.1353666154"
"2010","3.2009.C","6.1303048065"
"2011","3.2010.C","6.8948088492"
"2012","3.2011.C","6.8630321431"
"2013","3.2012.C","7.1132361006"
"2014","3.2013.C","7.4589103559"
"2015","3.2014.C","6.110632496"
"2016","3.2015.C","6.2188508652"
"2017","3.2016.C","2.6670513632"
"2018","3.2017.C","6.2436724331"
"2019","3.2018.C","6.0073174187"
"2020","3.2019.C","7.8451437565"
"2021","3.2020.C","6.4870214226"
"2022","3.2021.C","2.1700725156"
"2023","3.2022.C","5.3079732665"
"2024","3.2023.C","8.574071629"
"2025","3.2024.C","7.5590156956"
"2026","3.2025.C","7.4239704393"
"2027","3.2026.C","5.627033876"
"2028","3.2027.C","6.495273677"
"2029","3.2028.C","7.6791648358"
"2030","3.2029.C","6.2901313509"
"2031","3.2030.C","5.6508906466"
"2032","3.2031.C","8.2924027876"
"2033","3.2032.C","2.9475219003"
"2034","3.2033.C","6.2456953121"
"2035","3.2034.C","6.0194087321"
"2036","3.2035.C","3.2815221293"
"2037","3.2036.C","3.0144623271"
"2038","3.2037.C","2.1341330634"
"2039","3.2038.C","8.6139186774"
"2040","3.2039.C","3.9009785673"
"2041","3.2040.C","6.2099379373"
"2042","3.2041.C","5.134877928"
"2043","3.2042.C","6.1188641468"
"2044","3.2043.C","6.3482163799"
"2045","3.2044.C","6.2412137405"
"2046","3.2045.C","6.8459167821"
"2047","3.2046.C","7.9968683799"
"2048","3.2047.C","6.142884002"
"2049","3.2048.C","6.4378504207"
"2050","3.2049.C","8.4455173727"
"2051","3.2050.C","4.9800136489"
"2052","3.2051.C","6.4674070838"
"2053","3.2052.C","6.3642503502"
"2054","3.2053.C","4.4322724015"
"2055","3.2054.C","7.3532152269"
"2056","3.2055.C","6.1057664229"
"2057","3.2056.C","6.0489304884"
"2058","3.2057.C","6.1056622782"
"2059","3.2058.C","4.2037703266"
"2060","3.2059.C","6.0502257819"
"2061","3.2060.C","6.1553200277"
"2062","3.2061.C","6.3735264884"
"2063","3.2062.C","4.1046348787"
"2064","3.2063.C","6.0819647545"
"2065","3.2064.C","6.2271033887"
"2066","3.2065.C","5.8694770609"
"2067","3.2066.C","6.3601962524"
"2068","3.2067.C","7.2715412206"
"2069","3.2068.C","6.0254050506"
"2070","3.2069.C","5.8412920601"
"2071","3.2070.C","5.1614499695"
"2072","3.2071.C","6.6785326054"
"2073","3.2072.C","3.1762056637"
"2074","3.2073.C","4.1941282422"
"2075","3.2074.C","5.3746000298"
"2076","3.2075.C","2.8050568461"
"2077","3.2076.C","6.4597802411"
"2078","3.2077.C","4.8293695015"
"2079","3.2078.C","6.3658312061"
"2080","3.2079.C","4.9826196469"
"2081","3.2080.C","4.9928034037"
"2082","3.2081.C","6.1232556371"
"2083","3.2082.C","6.0574598933"
"2084","3.2083.C","3.484930399"
"2085","3.2084.C","5.2148206889"
"2086","3.2085.C","6.3065752471"
"2087","3.2086.C","6.1812898315"
"2088","3.2087.C","5.7151539951"
"2089","3.2088.C","4.9404098591"
"2090","3.2089.C","6.172627923"
"2091","3.2090.C","2.891917281"
"2092","3.2091.C","5.870757703"
"2093","3.2092.C","4.7966192485"
"2094","3.2093.C","5.8435701452"
"2095","3.2094.C","6.0189803478"
"2096","3.2095.C","6.9720620996"
"2097","3.2096.C","2.4148818606"
"2098","3.2097.C","5.959248119"
"2099","3.2098.C","6.2828583496"
"2100","3.2099.C","1.4530036931"
"2101","3.2100.C","6.3205197387"
"2102","3.2101.C","2.2679380564"
"2103","3.2102.C","6.1530990262"
"2104","3.2103.C","5.4349549743"
"2105","3.2104.C","3.0129416972"
"2106","3.2105.C","7.0741310232"
"2107","3.2106.C","3.7687220123"
"2108","3.2107.C","5.3878267804"
"2109","3.2108.C","6.1328902051"
"2110","3.2109.C","6.4349643976"
"2111","3.2110.C","5.8166900335"
"2112","3.2111.C","4.1738275121"
"2113","3.2112.C","1.8876322826"
"2114","3.2113.C","3.0942519211"
"2115","3.2114.C","1.8603296271"
"2116","3.2115.C","5.092518623"
"2117","3.2116.C","8.1112404395"
"2118","3.2117.C","5.2314015681"
"2119","3.2118.C","6.2468265699"
"2120","3.2119.C","6.0110223884"
"2121","3.2120.C","4.2287399261"
"2122","3.2121.C","4.5627053881"
"2123","3.2122.C","7.6334232102"
"2124","3.2123.C","3.016759644"
"2125","3.2124.C","5.5576615823"
"2126","3.2125.C","3.0695872363"
"2127","3.2126.C","2.9743485352"
"2128","3.2127.C","5.7878571952"
"2129","3.2128.C","5.590022715"
"2130","3.2129.C","7.2495625425"
"2131","3.2130.C","8.719737515"
"2132","3.2131.C","7.7423801148"
"2133","3.2132.C","3.5637938198"
"2134","3.2133.C","7.1755852049"
"2135","3.2134.C","4.3701398061"
"2136","3.2135.C","6.7017790619"
"2137","3.2136.C","3.1143233367"
"2138","3.2137.C","5.606022157"
"2139","3.2138.C","6.5017775342"
"2140","3.2139.C","6.2848808243"
"2141","3.2140.C","4.6211221234"
"2142","3.2141.C","3.9561749399"
"2143","3.2142.C","5.121132845"
"2144","3.2143.C","3.9524091995"
"2145","3.2144.C","5.8454649776"
"2146","3.2145.C","5.0938249463"
"2147","3.2146.C","5.2681324034"
"2148","3.2147.C","4.273701373"
"2149","3.2148.C","6.4222182894"
"2150","3.2149.C","5.8593753677"
"2151","3.2150.C","3.8199839486"
"2152","3.2151.C","3.0136641676"
"2153","3.2152.C","6.4554306529"
"2154","3.2153.C","5.2076069412"
"2155","3.2154.C","6.0723469747"
"2156","3.2155.C","4.8793002843"
"2157","3.2156.C","6.2442519054"
"2158","3.2157.C","6.8895943803"
"2159","3.2158.C","2.8216073523"
"2160","3.2159.C","6.2303920623"
"2161","3.2160.C","5.5758169505"
"2162","3.2161.C","6.0276232209"
"2163","3.2162.C","6.5862385654"
"2164","3.2163.C","7.1082865937"
"2165","3.2164.C","2.8571825387"
"2166","3.2165.C","5.6295345708"
"2167","3.2166.C","6.2019780352"
"2168","3.2167.C","3.0618118902"
"2169","3.2168.C","6.0808464839"
"2170","3.2169.C","5.1907766206"
"2171","3.2170.C","6.6902645772"
"2172","3.2171.C","5.0475326163"
"2173","3.2172.C","3.1641914893"
"2174","3.2173.C","6.43829591"
"2175","3.2174.C","6.2307621621"
"2176","3.2175.C","5.6278425228"
"2177","3.2176.C","6.0544434078"
"2178","3.2177.C","6.7333013156"
"2179","3.2178.C","7.4583508748"
"2180","3.2179.C","6.0320359868"
"2181","3.2180.C","6.0472368227"
"2182","3.2181.C","6.1036181205"
"2183","3.2182.C","6.3024818126"
"2184","3.2183.C","4.4944378243"
"2185","3.2184.C","6.2042464946"
"2186","3.2185.C","2.7749901868"
"2187","3.2186.C","3.1290726967"
"2188","3.2187.C","2.8478106162"
"2189","3.2188.C","6.3389521179"
"2190","3.2189.C","4.0724450805"
"2191","3.2190.C","3.0685185575"
"2192","3.2191.C","4.7219563375"
"2193","3.2192.C","3.3100911854"
"2194","3.2193.C","5.144093318"
"2195","3.2194.C","6.0228696078"
"2196","3.2195.C","6.3025434809"
"2197","3.2196.C","6.0236178929"
"2198","3.2197.C","5.6065285725"
"2199","3.2198.C","6.2164926584"
"2200","3.2199.C","6.2304438653"
"2201","3.2200.C","5.372522819"
"2202","3.2201.C","6.0605638532"
"2203","3.2202.C","6.2151662087"
"2204","3.2203.C","6.1583511892"
"2205","3.2204.C","5.2929276759"
"2206","3.2205.C","5.6995056996"
"2207","3.2206.C","5.02879807"
"2208","3.2207.C","3.5868765925"
"2209","3.2208.C","5.9908768837"
"2210","3.2209.C","4.3318385217"
"2211","3.2210.C","6.0715423784"
"2212","3.2211.C","6.1048946036"
"2213","3.2212.C","6.3512422496"
"2214","3.2213.C","6.2194000298"
"2215","3.2214.C","5.7363191436"
"2216","3.2215.C","3.6952594762"
"2217","3.2216.C","3.1823304591"
"2218","3.2217.C","5.2868687662"
"2219","3.2218.C","4.0068185183"
"2220","3.2219.C","5.2476937714"
"2221","3.2220.C","3.8999854797"
"2222","3.2221.C","3.2005553158"
"2223","3.2222.C","4.0936931535"
"2224","3.2223.C","4.5812332431"
"2225","3.2224.C","6.2795721118"
"2226","3.2225.C","6.8486851208"
"2227","3.2226.C","6.032356315"
"2228","3.2227.C","3.2449863733"
"2229","3.2228.C","5.9183029742"
"2230","3.2229.C","5.9811146265"
"2231","3.2230.C","3.0916069698"
"2232","3.2231.C","3.2257701781"
"2233","3.2232.C","2.2808499501"
"2234","3.2233.C","2.945448109"
"2235","3.2234.C","7.1261141251"
"2236","3.2235.C","3.7951903268"
"2237","3.2236.C","6.0609187932"
"2238","3.2237.C","5.5730565477"
"2239","3.2238.C","5.4165961783"
"2240","3.2239.C","5.0508758571"
"2241","3.2240.C","6.1846324137"
"2242","3.2241.C","4.6194911438"
"2243","3.2242.C","4.2109030769"
"2244","3.2243.C","5.5690223816"
"2245","3.2244.C","2.815573375"
"2246","3.2245.C","3.8630871741"
"2247","3.2246.C","6.3785381327"
"2248","3.2247.C","6.3466178242"
"2249","3.2248.C","4.0974966364"
"2250","3.2249.C","3.425615928"
"2251","3.2250.C","5.7604545546"
"2252","3.2251.C","4.9664699027"
"2253","3.2252.C","5.5837320615"
"2254","3.2253.C","6.3429261912"
"2255","3.2254.C","4.3174883516"
"2256","3.2255.C","6.2784568269"
"2257","3.2256.C","2.7956076667"
"2258","3.2257.C","6.4159518728"
"2259","3.2258.C","3.1424507286"
"2260","3.2259.C","2.5017634196"
"2261","3.2260.C","5.3635551086"
"2262","3.2261.C","4.6567132331"
"2263","3.2262.C","5.5278650646"
"2264","3.2263.C","2.7166249621"
"2265","3.2264.C","3.1533446368"
"2266","3.2265.C","5.1100623306"
"2267","3.2266.C","2.9903760003"
"2268","3.2267.C","1.4700061676"
"2269","3.2268.C","4.4352756423"
"2270","3.2269.C","2.6437247892"
"2271","3.2270.C","3.2041055073"
"2272","3.2271.C","5.6395969221"
"2273","3.2272.C","5.5269925768"
"2274","3.2273.C","3.1329062234"
"2275","3.2274.C","4.3810368034"
"2276","3.2275.C","5.9673371877"
"2277","3.2276.C","3.0502077722"
"2278","3.2277.C","2.4519135721"
"2279","3.2278.C","2.7638040197"
"2280","3.2279.C","5.9091694079"
"2281","3.2280.C","5.0422267149"
"2282","3.2281.C","5.323101358"
"2283","3.2282.C","5.6651971756"
"2284","3.2283.C","3.7654416383"
"2285","3.2284.C","3.6045822301"
"2286","3.2285.C","3.1299489161"
"2287","3.2286.C","5.0602172715"
"2288","3.2287.C","2.2079291174"
"2289","3.2288.C","3.8946615041"
"2290","3.2289.C","5.5656207337"
"2291","3.2290.C","5.7743660065"
"2292","3.2291.C","6.4506016649"
"2293","3.2292.C","4.8162978195"
"2294","3.2293.C","5.6725199788"
"2295","3.2294.C","3.2347173757"
"2296","3.2295.C","2.9052985291"
"2297","3.2296.C","2.5779892148"
"2298","3.2297.C","5.8399284075"
"2299","3.2298.C","6.1767264974"
"2300","3.2299.C","5.7749410986"
"2301","3.2300.C","2.4656935779"
"2302","3.2301.C","5.4775144877"
"2303","3.2302.C","5.8688507653"
"2304","3.2303.C","5.79089345"
"2305","3.2304.C","5.1309844147"
"2306","3.2305.C","5.4058804602"
"2307","3.2306.C","2.4493585876"
"2308","3.2307.C","5.2162427345"
"2309","3.2308.C","5.1255106422"
"2310","3.2309.C","5.3438060151"
"2311","3.2310.C","6.0889023"
"2312","3.2311.C","5.1633377427"
"2313","3.2312.C","5.1061037904"
"2314","3.2313.C","4.3329639428"
"2315","3.2314.C","4.8281099429"
"2316","3.2315.C","4.7093161027"
"2317","3.2316.C","4.4363306949"
"2318","3.2317.C","6.2520527722"
"2319","3.2318.C","2.9122625257"
"2320","3.2319.C","4.114207493"
"2321","3.2320.C","5.9641159119"
"2322","3.2321.C","4.6415053791"
"2323","3.2322.C","4.5248612729"
"2324","3.2323.C","5.3424528113"
"2325","3.2324.C","2.38332666"
"2326","3.2325.C","3.0938096954"
"2327","3.2326.C","6.0149324951"
"2328","3.2327.C","1.9230472522"
"2329","3.2328.C","2.2670928339"
"2330","3.2329.C","4.0162963791"
"2331","3.2330.C","5.4787256746"
"2332","3.2331.C","4.6569515189"
"2333","3.2332.C","1.8328195228"
"2334","3.2333.C","2.8027345114"
"2335","3.2334.C","4.9420490724"
"2336","3.2335.C","3.1108228591"
"2337","3.2336.C","2.293092234"
"2338","3.2337.C","6.2977157276"
"2339","3.2338.C","3.2055714818"
"2340","3.2339.C","1.825179515"
"2341","3.2340.C","3.1791810804"
"2342","3.2341.C","3.8531514496"
"2343","3.2342.C","5.5341041713"
"2344","3.2343.C","5.1023425844"
"2345","3.2344.C","2.9916615867"
"2346","3.2345.C","3.3473751629"
"2347","3.2346.C","6.3796332473"
"2348","3.2347.C","3.8528763775"
"2349","3.2348.C","5.5994287609"
"2350","3.2349.C","4.0993624382"
"2351","3.2350.C","5.3096093715"
"2352","3.2351.C","4.3444754347"
"2353","3.2352.C","5.4756855797"
"2354","3.2353.C","3.3072596329"
"2355","3.2354.C","4.7020692108"
"2356","3.2355.C","4.3244433936"
"2357","3.2356.C","5.6006377884"
"2358","3.2357.C","2.8980874708"
"2359","3.2358.C","4.7146943556"
"2360","3.2359.C","4.8712530405"
"2361","3.2360.C","6.1583207474"
"2362","3.2361.C","6.170098311"
"2363","3.2362.C","3.261498578"
"2364","3.2363.C","3.1764416875"
"2365","3.2364.C","3.7393063728"
"2366","3.2365.C","6.043940879"
"2367","3.2366.C","2.9490053079"
"2368","3.2367.C","5.8843749168"
"2369","3.2368.C","3.6923670939"
"2370","3.2369.C","6.2912942512"
"2371","3.2370.C","3.8379075673"
"2372","3.2371.C","3.5781221641"
"2373","3.2372.C","3.7004908709"
"2374","3.2373.C","3.0791471671"
"2375","3.2374.C","5.0163360031"
"2376","3.2375.C","1.3260065248"
"2377","3.2376.C","5.6177009257"
"2378","3.2377.C","4.3441559317"
"2379","3.2378.C","3.1693777343"
"2380","3.2379.C","4.6756779017"
"2381","3.2380.C","4.6081846433"
"2382","3.2381.C","3.1114068932"
"2383","3.2382.C","3.0168333333"
"2384","3.2383.C","3.0531491134"
"2385","3.2384.C","5.0372773641"
"2386","3.2385.C","-3.5846021569"
"2387","3.2386.C","4.6984229194"
"2388","3.2387.C","4.2084223537"
"2389","3.2388.C","5.0499132937"
"2390","3.2389.C","2.5046044788"
"2391","3.2390.C","3.2602379608"
"2392","3.2391.C","2.6458419018"
"2393","3.2392.C","2.4467014316"
"2394","3.2393.C","2.8015741702"
"2395","3.2394.C","3.7641090078"
"2396","3.2395.C","6.0463716692"
"2397","3.2396.C","2.8558440594"
"2398","3.2397.C","5.6430358449"
"2399","3.2398.C","1.9198116409"
"2400","3.2399.C","2.8306004085"
"2401","3.2400.C","3.1015685035"
"2402","3.2401.C","5.0338782456"
"2403","3.2402.C","2.7377312217"
"2404","3.2403.C","3.5405683788"
"2405","3.2404.C","2.9107729867"
"2406","3.2405.C","2.199034243"
"2407","3.2406.C","3.9704493097"
"2408","3.2407.C","2.9810142275"
"2409","3.2408.C","2.9672393729"
"2410","3.2409.C","2.3369552797"
"2411","3.2410.C","5.3493922415"
"2412","3.2411.C","3.9607910598"
"2413","3.2412.C","3.438375062"
"2414","3.2413.C","3.815300213"
"2415","3.2414.C","3.0467399001"
"2416","3.2415.C","3.1691561806"
"2417","3.2416.C","3.137968323"
"2418","3.2417.C","3.4463951179"
"2419","3.2418.C","4.0995423069"
"2420","3.2419.C","4.0790166897"
"2421","3.2420.C","4.5556928424"
"2422","3.2421.C","5.2688387051"
"2423","3.2422.C","2.3046694606"
"2424","3.2423.C","5.4739894402"
"2425","3.2424.C","2.4768231997"
"2426","3.2425.C","3.1772116756"
"2427","3.2426.C","3.5374728618"
"2428","3.2427.C","6.4956749603"
"2429","3.2428.C","4.8353438071"
"2430","3.2429.C","2.9628239857"
"2431","3.2430.C","2.2871120594"
"2432","3.2431.C","4.2819116126"
"2433","3.2432.C","3.0987000903"
"2434","3.2433.C","2.7511625634"
"2435","3.2434.C","2.5589693896"
"2436","3.2435.C","4.2114230152"
"2437","3.2436.C","3.2153891061"
"2438","3.2437.C","3.3842059795"
"2439","3.2438.C","4.7408832553"
"2440","3.2439.C","2.9540919497"
"2441","3.2440.C","2.9597156022"
"2442","3.2441.C","3.0043428409"
"2443","3.2442.C","3.1511188002"
"2444","3.2443.C","2.6617891326"
"2445","3.2444.C","3.0803073238"
"2446","3.2445.C","3.4051556804"
"2447","3.2446.C","2.803360893"
"2448","3.2447.C","3.0075175108"
"2449","3.2448.C","2.8916276509"
"2450","3.2449.C","2.7277153438"
"2451","3.2450.C","2.5908029099"
"2452","3.2451.C","4.3747765561"
"2453","3.2452.C","3.1544975864"
"2454","3.2453.C","3.0991763192"
"2455","3.2454.C","1.5860434888"
"2456","3.2455.C","5.2807630225"
"2457","3.2456.C","2.8186632811"
"2458","3.2457.C","3.1657994639"
"2459","3.2458.C","3.0822333879"
"2460","3.2459.C","5.9208086123"
"2461","3.2460.C","0.8409961407"
"2462","3.2461.C","2.8891291691"
"2463","3.2462.C","2.7988427932"
"2464","3.2463.C","5.966825106"
"2465","3.2464.C","2.8403484686"
"2466","3.2465.C","2.7214772168"
"2467","3.2466.C","2.885062422"
"2468","3.2467.C","2.9813634457"
"2469","3.2468.C","2.7325759467"
"2470","3.2469.C","2.7550518435"
"2471","3.2470.C","3.7948416573"
"2472","3.2471.C","3.0774252211"
"2473","3.2472.C","3.0854125328"
"2474","3.2473.C","2.894195251"
"2475","3.2474.C","2.4501034214"
"2476","3.2475.C","2.9727843962"
"2477","3.2476.C","2.8615016713"
"2478","3.2477.C","2.9848264542"
"2479","3.2478.C","2.2601258458"
"2480","3.2479.C","5.0887904349"
"2481","3.2480.C","2.6688900795"
"2482","3.2481.C","2.9120294109"
"2483","3.2482.C","3.4030044079"
"2484","3.2483.C","2.3823959213"
"2485","3.2484.C","3.1657576615"
"2486","3.2485.C","2.6026787605"
"2487","3.2486.C","3.465955905"
"2488","3.2487.C","2.3084477907"
"2489","3.2488.C","2.3324237643"
"2490","3.2489.C","2.7114085985"
"2491","3.2490.C","3.1819343705"
"2492","3.2491.C","2.497224111"
"2493","3.2492.C","2.526112689"
"2494","3.2493.C","3.9523918515"
"2495","3.2494.C","4.1157174858"
"2496","3.2495.C","2.8183173324"
"2497","3.2496.C","4.0278434331"
"2498","3.2497.C","3.1387908358"
"2499","3.2498.C","3.1374225244"
"2500","3.2499.C","5.7385723156"
"2501","3.2500.C","2.7244252338"
"2502","3.2501.C","2.5749284127"
"2503","3.2502.C","3.6812107754"
"2504","3.2503.C","2.4588755528"
"2505","3.2504.C","3.064692598"
"2506","3.2505.C","3.094165878"
"2507","3.2506.C","2.7182403694"
"2508","3.2507.C","3.2632775824"
"2509","3.2508.C","3.0873641399"
"2510","3.2509.C","-2.481670496"
"2511","3.2510.C","3.0733092179"
"2512","3.2511.C","1.361334947"
"2513","3.2512.C","3.7743165597"
"2514","3.2513.C","3.0955308845"
"2515","3.2514.C","2.8074486486"
"2516","3.2515.C","3.234127755"
"2517","3.2516.C","3.8719440183"
"2518","3.2517.C","2.730380932"
"2519","3.2518.C","2.9426551999"
"2520","3.2519.C","2.9545876638"
"2521","3.2520.C","0.493025684800003"
"2522","3.2521.C","2.8007549072"
"2523","3.2522.C","3.239598413"
"2524","3.2523.C","3.5651154848"
"2525","3.2524.C","3.0441408336"
"2526","3.2525.C","3.2242146704"
"2527","3.2526.C","2.9942817549"
"2528","3.2527.C","3.3912641882"
"2529","3.2528.C","2.1031351615"
"2530","3.2529.C","3.2065857693"
"2531","3.2530.C","3.2196998577"
"2532","3.2531.C","3.1785545582"
"2533","3.2532.C","2.9767786779"
"2534","3.2533.C","3.6610708122"
"2535","3.2534.C","3.2196916089"
"2536","3.2535.C","-2.8672085928"
"2537","3.2536.C","3.1539729904"
"2538","3.2537.C","3.1370492806"
"2539","3.2538.C","3.0413328525"
"2540","3.2539.C","3.5101115124"
"2541","3.2540.C","1.891082626"
"2542","3.2541.C","3.0177656845"
"2543","3.2542.C","2.9783136191"
"2544","3.2543.C","2.9690926871"
"2545","3.2544.C","3.1844040557"
"2546","3.2545.C","2.9780431486"
"2547","3.2546.C","2.754894707"
"2548","3.2547.C","5.4178947488"
"2549","3.2548.C","2.6706796557"
"2550","3.2549.C","2.7521899143"
"2551","3.2550.C","2.4461464654"
"2552","3.2551.C","2.0055560765"
"2553","3.2552.C","3.1566678944"
"2554","3.2553.C","1.0989591422"
"2555","3.2554.C","0.0966682478999985"
"2556","3.2555.C","2.4231251758"
"2557","3.2556.C","3.3070387129"
"2558","3.2557.C","2.9445015336"
"2559","3.2558.C","4.1374682766"
"2560","3.2559.C","1.906839759"
"2561","3.2560.C","2.7603969049"
"2562","3.2561.C","2.4929881536"
"2563","3.2562.C","2.94078275"
"2564","3.2563.C","1.2674842692"
"2565","3.2564.C","4.7831528437"
"2566","3.2565.C","2.9781993641"
"2567","3.2566.C","2.790171264"
"2568","3.2567.C","3.0714099778"
"2569","3.2568.C","1.2755911686"
"2570","3.2569.C","2.6131353366"
"2571","3.2570.C","3.9848920599"
"2572","3.2571.C","2.9570062791"
"2573","3.2572.C","2.9933708912"
"2574","3.2573.C","2.2579226345"
"2575","3.2574.C","-0.272335488300001"
"2576","3.2575.C","3.1586864651"
"2577","3.2576.C","0.615483652499996"
"2578","3.2577.C","2.7559768435"
"2579","3.2578.C","4.893881427"
"2580","3.2579.C","3.0869760606"
"2581","3.2580.C","2.3848500343"
"2582","3.2581.C","3.4103464496"
"2583","3.2582.C","3.2468941991"
"2584","3.2583.C","2.8266910191"
"2585","3.2584.C","2.8696834301"
"2586","3.2585.C","3.1032802357"
"2587","3.2586.C","2.4666600091"
"2588","3.2587.C","2.4947221705"
"2589","3.2588.C","2.5725008983"
"2590","3.2589.C","2.7698012824"
"2591","3.2590.C","1.9724081427"
"2592","3.2591.C","3.0944786472"
"2593","3.2592.C","3.2366007183"
"2594","3.2593.C","2.6099674421"
"2595","3.2594.C","3.2076771159"
"2596","3.2595.C","3.2011227093"
"2597","3.2596.C","3.2298001183"
"2598","3.2597.C","2.4306931651"
"2599","3.2598.C","2.9179152083"
"2600","3.2599.C","2.5476032296"
"2601","3.2600.C","2.8386868527"
"2602","3.2601.C","2.972207829"
"2603","3.2602.C","2.7153263092"
"2604","3.2603.C","1.2186405138"
"2605","3.2604.C","3.2205326618"
"2606","3.2605.C","2.9424273957"
"2607","3.2606.C","2.26639926"
"2608","3.2607.C","0.0769691097999967"
"2609","3.2608.C","2.8154003642"
"2610","3.2609.C","1.5054288121"
"2611","3.2610.C","3.0198950966"
"2612","3.2611.C","0.2806942486"
"2613","3.2612.C","1.5997902561"
"2614","3.2613.C","2.2571878159"
"2615","3.2614.C","2.5357762155"
"2616","3.2615.C","2.1703744743"
"2617","3.2616.C","1.767139393"
"2618","3.2617.C","3.0070063361"
"2619","3.2618.C","2.0563898349"
"2620","3.2619.C","3.0384177542"
"2621","3.2620.C","2.8955575843"
"2622","3.2621.C","3.1225593293"
"2623","3.2622.C","2.3395595056"
"2624","3.2623.C","-3.0440238255"
"2625","3.2624.C","3.1458265823"
"2626","3.2625.C","2.574623583"
"2627","3.2626.C","-0.457440397799999"
"2628","3.2627.C","2.158569743"
"2629","3.2628.C","2.0288115638"
"2630","3.2629.C","2.9456252981"
"2631","3.2630.C","2.9495535148"
"2632","3.2631.C","2.9043604302"
"2633","3.2632.C","-0.321807538500003"
"2634","3.2633.C","2.8207297938"
"2635","3.2634.C","2.2723022629"
"2636","3.2635.C","3.1856397132"
"2637","3.2636.C","-0.077661404399997"
"2638","3.2637.C","1.7791393963"
"2639","3.2638.C","2.2229345528"
"2640","3.2639.C","3.162274525"
"2641","3.2640.C","2.0375594546"
"2642","3.2641.C","2.7565330597"
"2643","3.2642.C","2.4094516124"
"2644","3.2643.C","0.131319252899999"
"2645","3.2644.C","1.517436938"
"2646","3.2645.C","2.9955977826"
"2647","3.2646.C","3.2085557359"
"2648","3.2647.C","1.3946053757"
"2649","3.2648.C","-3.5924579981"
"2650","3.2649.C","2.9787724113"
"2651","3.2650.C","-1.4009011703"
"2652","3.2651.C","2.2462305651"
"2653","3.2652.C","3.102464404"
"2654","3.2653.C","3.1162288415"
"2655","3.2654.C","2.8636328342"
"2656","3.2655.C","1.974491383"
"2657","3.2656.C","-0.0569185594000032"
"2658","3.2657.C","2.5014516972"
"2659","3.2658.C","0.7914162605"
"2660","3.2659.C","2.8238283977"
"2661","3.2660.C","3.1056498098"
"2662","3.2661.C","0.297232988200001"
"2663","3.2662.C","1.9895521106"
"2664","3.2663.C","2.9103298536"
"2665","3.2664.C","-0.431351088600003"
"2666","3.2665.C","2.4653996485"
"2667","3.2666.C","3.0871356697"
"2668","3.2667.C","1.8139773181"
"2669","3.2668.C","2.028833733"
"2670","3.2669.C","3.0199751505"
"2671","3.2670.C","2.3163144337"
"2672","3.2671.C","2.2258639554"
"2673","3.2672.C","2.9370305937"
"2674","3.2673.C","1.4608239183"
"2675","3.2674.C","3.1090573039"
"2676","3.2675.C","2.7410353032"
"2677","3.2676.C","-1.8892639386"
"2678","3.2677.C","2.9268847732"
"2679","3.2678.C","3.4514934852"
"2680","3.2679.C","2.4723094382"
"2681","3.2680.C","2.1523588313"
"2682","3.2681.C","-0.1973778013"
"2683","3.2682.C","-0.0628639237000002"
"2684","3.2683.C","2.3042833002"
"2685","3.2684.C","2.0600782111"
"2686","3.2685.C","1.5571058852"
"2687","3.2686.C","3.2396833551"
"2688","3.2687.C","2.8448082807"
"2689","3.2688.C","-1.8988784525"
"2690","3.2689.C","3.2240959649"
"2691","3.2690.C","3.1590347561"
"2692","3.2691.C","2.7367314244"
"2693","3.2692.C","1.3094205154"
"2694","3.2693.C","2.4157804956"
"2695","3.2694.C","0.740822343200001"
"2696","3.2695.C","1.3497871078"
"2697","3.2696.C","2.4785558734"
"2698","3.2697.C","2.2612574201"
"2699","3.2698.C","0.4597612767"
"2700","3.2699.C","2.8001448138"
"2701","3.2700.C","2.9764427616"
"2702","3.2701.C","1.1781532638"
"2703","3.2702.C","1.070051439"
"2704","3.2703.C","1.9832523538"
"2705","3.2704.C","2.3232775261"
"2706","3.2705.C","2.7969988486"
"2707","3.2706.C","2.8767461767"
"2708","3.2707.C","0.411804160999999"
"2709","3.2708.C","2.2332800082"
"2710","3.2709.C","3.1959711576"
"2711","3.2710.C","1.8278398049"
"2712","3.2711.C","2.6022755309"
"2713","3.2712.C","1.946639227"
"2714","3.2713.C","0.0108242534000027"
"2715","3.2714.C","1.9019009402"
"2716","3.2715.C","2.2301330519"
"2717","3.2716.C","2.7050201868"
"2718","3.2717.C","-0.391526062600001"
"2719","3.2718.C","0.476278499999999"
"2720","3.2719.C","2.5682362335"
"2721","3.2720.C","2.5697819698"
"2722","3.2721.C","2.4597590257"
"2723","3.2722.C","0.623211948399998"
"2724","3.2723.C","1.5820502079"
"2725","3.2724.C","2.8930257133"
"2726","3.2725.C","0.363076179399997"
"2727","3.2726.C","2.2950929354"
"2728","3.2727.C","2.3842988785"
"2729","3.2728.C","1.4062984865"
"2730","3.2729.C","2.2637695834"
"2731","3.2730.C","3.2225008096"
"2732","3.2731.C","0.6410041826"
"2733","3.2732.C","-0.672744976700002"
"2734","3.2733.C","3.2213968378"
"2735","3.2734.C","1.6655464738"
"2736","3.2735.C","2.2604533374"
"2737","3.2736.C","1.4483966425"
"2738","3.2737.C","1.448766033"
"2739","3.2738.C","-2.8938278579"
"2740","3.2739.C","0.621465601399997"
"2741","3.2740.C","1.2847215318"
"2742","3.2741.C","2.3745686497"
"2743","3.2742.C","2.0901242909"
"2744","3.2743.C","1.1937169667"
"2745","3.2744.C","2.6216880075"
"2746","3.2745.C","0.787190461400002"
"2747","3.2746.C","-0.844248847800003"
"2748","3.2747.C","1.037133703"
"2749","3.2748.C","0.0160263835999999"
"2750","3.2749.C","-2.9783188321"
"2751","3.2750.C","2.0393145541"
"2752","3.2751.C","0.905778865800002"
"2753","3.2752.C","-0.892666669199997"
"2754","3.2753.C","2.240867228"
"2755","3.2754.C","2.7439076655"
"2756","3.2755.C","0.1101517886"
"2757","3.2756.C","-5.1893470673"
"2758","3.2757.C","2.8922150734"
"2759","3.2758.C","2.8049556334"
"2760","3.2759.C","1.8308607103"
"2761","3.2760.C","1.0424440611"
"2762","3.2761.C","2.8259029676"
"2763","3.2762.C","2.2806923805"
"2764","3.2763.C","0.0969809183999999"
"2765","3.2764.C","1.8955911121"
"2766","3.2765.C","0.5749813774"
"2767","3.2766.C","2.6762067132"
"2768","3.2767.C","1.0908153823"
"2769","3.2768.C","1.2841457593"
"2770","3.2769.C","1.6113913377"
"2771","3.2770.C","2.4491969238"
"2772","3.2771.C","1.5726954915"
"2773","3.2772.C","-3.1221451207"
"2774","3.2773.C","1.2407261561"
"2775","3.2774.C","-0.169268955699998"
"2776","3.2775.C","1.8025188924"
"2777","3.2776.C","1.8989170331"
"2778","3.2777.C","1.81322064"
"2779","3.2778.C","0.433926752300003"
"2780","3.2779.C","-4.1103040337"
"2781","3.2780.C","2.2573700309"
"2782","3.2781.C","1.532255446"
"2783","3.2782.C","2.0430256741"
"2784","3.2783.C","1.2580983922"
"2785","3.2784.C","1.0110241345"
"2786","3.2785.C","1.2038361422"
"2787","3.2786.C","0.2768543253"
"2788","3.2787.C","0.888940137699997"
"2789","3.2788.C","1.9640059554"
"2790","3.2789.C","2.1188779862"
"2791","3.2790.C","1.5144718864"
"2792","3.2791.C","2.1729719968"
"2793","3.2792.C","0.707204731600001"
"2794","3.2793.C","1.0034445542"
"2795","3.2794.C","1.17490516"
"2796","3.2795.C","1.4515393772"
"2797","3.2796.C","1.4461373558"
"2798","3.2797.C","1.8631483118"
"2799","3.2798.C","0.4628855415"
"2800","3.2799.C","1.9984279536"
"2801","3.2800.C","-0.576617935000002"
"2802","3.2801.C","0.211293752400003"
"2803","3.2802.C","2.0592904069"
"2804","3.2803.C","1.0310174086"
"2805","3.2804.C","0.79706272"
"2806","3.2805.C","0.774794036899998"
"2807","3.2806.C","1.500308244"
"2808","3.2807.C","-1.2381430766"
"2809","3.2808.C","-0.271713469200002"
"2810","3.2809.C","0.702583218199997"
"2811","3.2810.C","0.918332151599998"
"2812","3.2811.C","0.122204108600002"
"2813","3.2812.C","0.210989063600003"
"2814","3.2813.C","1.768217933"
"2815","3.2814.C","-0.803020630399999"
"2816","3.2815.C","-0.766650726000002"
"2817","3.2816.C","-0.297886544599997"
"2818","3.2817.C","-2.1736530818"
"2819","3.2818.C","0.394642103999999"
"2820","3.2819.C","1.7583651931"
"2821","3.2820.C","0.939510442500001"
"2822","3.2821.C","0.883294844300003"
"2823","3.2822.C","0.0739797363999983"
"2824","3.2823.C","0.171726103200001"
"2825","3.2824.C","-0.903538477600001"
"2826","3.2825.C","1.7201661184"
"2827","3.2826.C","-2.270963144"
"2828","3.2827.C","0.661779982100001"
"2829","3.2828.C","1.327880459"
"2830","3.2829.C","0.256438290200002"
"2831","3.2830.C","-3.7259462588"
"2832","3.2831.C","1.0756070663"
"2833","3.2832.C","1.4687667343"
"2834","3.2833.C","0.408513080699997"
"2835","3.2834.C","0.603720372399998"
"2836","3.2835.C","-0.121284841300003"
"2837","3.2836.C","-0.152957932100001"
"2838","3.2837.C","0.393286338499998"
"2839","3.2838.C","1.4276717725"
"2840","3.2839.C","0.2742248797"
"2841","3.2840.C","-6.5354444684"
"2842","3.2841.C","-0.947385284299997"
"2843","3.2842.C","1.3987396869"
"2844","3.2843.C","-3.9360248043"
"2845","3.2844.C","-2.9217221083"
"2846","3.2845.C","1.3095622591"
"2847","3.2846.C","0.646912577599998"
"2848","3.2847.C","0.710228999400002"
"2849","3.2848.C","0.972919597100002"
"2850","3.2849.C","-0.641911131400001"
"2851","3.2850.C","0.365955122599999"
"2852","3.2851.C","0.622681854100001"
"2853","3.2852.C","0.0903055287000001"
"2854","3.2853.C","-0.616741838400003"
"2855","3.2854.C","-0.564773135099998"
"2856","3.2855.C","-2.3890960947"
"2857","3.2856.C","-0.043398514899998"
"2858","3.2857.C","0.763334388099999"
"2859","3.2858.C","-0.3237855749"
"2860","3.2859.C","-1.6980495352"
"2861","3.2860.C","-1.5707758535"
"2862","3.2861.C","-0.00514340419999826"
"2863","3.2862.C","0.774365469599999"
"2864","3.2863.C","0.2477909431"
"2865","3.2864.C","-0.4633900396"
"2866","3.2865.C","-0.647281206499997"
"2867","3.2866.C","-1.0816639745"
"2868","3.2867.C","0.140174937700003"
"2869","3.2868.C","0.312126435700002"
"2870","3.2869.C","-0.6812188014"
"2871","3.2870.C","-2.1467929568"
"2872","3.2871.C","-0.0561025419000032"
"2873","3.2872.C","-0.173663555600001"
"2874","3.2873.C","-1.923214701"
"2875","3.2874.C","-0.957038535700001"
"2876","3.2875.C","-2.1707656283"
"2877","3.2876.C","-0.917089521800001"
"2878","3.2877.C","0.0493535813999983"
"2879","3.2878.C","0.251865485899998"
"2880","3.2879.C","-1.9699526439"
"2881","3.2880.C","-2.6924442174"
"2882","3.2881.C","0.263943322000003"
"2883","3.2882.C","0.184196520900002"
"2884","3.2883.C","0.0898599154999999"
"2885","3.2884.C","-2.6482272327"
"2886","3.2885.C","-0.747141966800001"
"2887","3.2886.C","-0.239211148199999"
"2888","3.2887.C","-0.431351909299998"
"2889","3.2888.C","-0.301602645499997"
"2890","3.2889.C","-0.111055868699999"
"2891","3.2890.C","-3.2161673681"
"2892","3.2891.C","-2.1746392312"
"2893","3.2892.C","-1.2230123124"
"2894","3.2893.C","-1.2092670801"
"2895","3.2894.C","-2.1253778132"
"2896","3.2895.C","-0.136819940999999"
